NAMA MESIN,KATEGORI,DESCRIPTION SPAREPART,PART NUMBER,QTY,NO. IN MANUAL BOOK,KATEGORI,DOCUMENT,SUPPLIER,NAMA,KONTAK,EMAIL,ALAMAT,,,,,
SACKTIP,02_Sack Tip,SACK TIP STATION,13466-SACK TIP,1,1,,13502-008-A,,,,,,,,,,
,,FABRICATION SACK-TIP FRAME,13502-009-S210,1,2,,13502-008-A,,,,,,,,,,
,,FOOT PAD,107-708,4,3,,13502-008-A,,,,,,,,,,
,,FLOOR GUIDE OPP,107-710,2,4,,13502-008-A,,,,,,,,,,
,,FLOOR GUIDE,107-709,2,5,,13502-008-A,,,,,,,,,,
,,STARTER PANEL,RS-351-4782,1,6,,13502-008-A,,,,,,,,,,
,,OVERLOAD RELAY 0.54-.8A,RS-758-923,1,7,,13502-008-A,,,,,,,,,,
,,SACK TIP MOUNTING SPACER,107-711,4,8,,13502-008-A,,,,,,,,,,
,,SETSCREW M12X60LG ST STL,MF-SS-M12X60-SS,4,9,,13502-008-A,,,,,,,,,,
,,FLAT WASHER 12 DIA STAINLESS,MF-WF-12DIA-SS,4,10,,13502-008-A,,,,,,,,,,
,,SPRING WASHER 12 DIA ST.ST,MF-WS-12DIA-SS,4,11,,13502-008-A,,,,,,,,,,
,,SETSCREW M5X25LG ST STL,MF-SS-M5X25-SS,4,12,,13502-008-A,,,,,,,,,,
,,FLAT WASHER M5 STAINLESS,MF-WF-5DIA-SS,8,13,,13502-008-A,,,,,,,,,,
,,DOME NUT M5 ST STL,FD-M5-SS,4,14,,13502-008-A,,,,,,,1,FABRICATED BASE,1,17777/58
,,FLAT WASHER 8 DIA,MF-WF-8DIA-SS,20,15,,13502-008-A,,,,,,,2,UNDERPAN,1,L18588
,,SPRING WASHER 8 DIA,MF-WS-8DIA-SS,4,16,,13502-008-A,,,,,,,3,UNDERCLAMP WHITE HANDLE,4,27435
,,DOME NUT M8 ST STL,FD-M8-SS,16,17,,13502-008-A,,,,,,,4,FLAT GASKET,1,1347/6
,,SETSCREW M8X70LG ST STL,MF-SS-M8X70-SS,4,18,,13502-008-A,,,,,,,5,SUSPENSION MOUNTING,8,H5295
,,C'SK SCREW M8X25LG ST STL,MF-SK-M8X25-SS,12,19,,13502-008-A,,,,,,,6,EARTHING PLATE,2,16127
,,SEEFLEX 040E SLEEVE 250DIA X 200,BFM-20085,1,20,,13502-008-A,,,,,,,7,EARTHING BRAND,4,16324
,,FABRICATED BASE,17777/58,1,1,,17728-33707,,,,,,,8,VIBRATOR MOTOR DIP (50 Hz),1,H5730
,,UNDERPAN,L18588,1,2,,17728-33707,,,,,,,9,HEX.HD.BOLT M12X90 LG,4,H4006/90/K
,,UNDERCLAMP WHITE HANDLE,27435,4,3,,17728-33707,,,,,,,10,NYLON NUT M12,4,H3646/G
,,FLAT GASKET,1347/6,1,4,,17728-33707,,,,,,,11,FLAT WASHER D:12,8,H3710/G
,,SUSPENSION MOUNTING,H5295,8,5,,17728-33707,,,,,,,12,INTERNAL SHAKEPROOF WASHER D:12,4,H3785/G
,,EARTHING PLATE,16127,2,6,,17728-33707,,,,,,,13,HEX.HD.SCREW M10X16 LG,2,H3405/16/G
,,EARTHING BRAND,16324,4,7,,17728-33707,,,,,,,14,HEX.HD.SCREW M10X20 LG,2,H3405/20/G
,,VIBRATOR MOTOR DIP (50 Hz),H5730,1,8,,17728-33707,,,,,,,15,HEX.HD.SCREW M12X20 LG,4,H3406/20/G
,,HEX.HD.BOLT M12X90 LG,H4006/90/K,4,9,,17728-33707,,,,,,,16,CSK.SOC.HD.SCREW M10X25 LG,8,H3480/25/G
,,NYLON NUT M12,H3646/G,4,10,,17728-33707,,,,,,,17,NILOC NUT M10,2,H3645/G
,,FLAT WASHER D:12,H3710/G,8,11,,17728-33707,,,,,,,18,INTERNAL SHAKEPROOF WASHER M10,10,H3784/G
,,INTERNAL SHAKEPROOF WASHER D:12,H3785/G,4,12,,17728-33707,,,,,,,19,EARTH TAG,2,25432
,,HEX.HD.SCREW M10X16 LG,H3405/16/G,2,13,,17728-33707,,,,,,,20,EARTH CLIP - MESH FRAME,2,30358
,,HEX.HD.SCREW M10X20 LG,H3405/20/G,2,14,,17728-33707,,,,,,,21,,,
,,HEX.HD.SCREW M12X20 LG,H3406/20/G,4,15,,17728-33707,,,,,,,22,SPRING WASHER M12,4,H3735/G
,,CSK.SOC.HD.SCREW M10X25 LG,H3480/25/G,8,16,,17728-33707,,,,,,,23,DOME NUT,8,H3680/G
,,NILOC NUT M10,H3645/G,2,17,,17728-33707,,,,,,,24,LABEL,1,28006
,,INTERNAL SHAKEPROOF WASHER M10,H3784/G,10,18,,17728-33707,,,,,,,25,RIVET,2,H0979/08/B
,,EARTH TAG,25432,2,19,,17728-33707,,,,,,,26,SCO.SET SCREW M12X25 LG.,4,H3466/25/K
,,EARTH CLIP - MESH FRAME,30358,2,20,,17728-33707,,,,,,,27,LOCTITE,A/R,H3200/2
,,SPRING WASHER M12,H3735/G,4,22,,17728-33707,,,,,,,28,DUST HOOD,1,L21220
,,DOME NUT,H3680/G,8,23,,17728-33707,,,,,,,29,ANTI VIBRATION MOUNT,4,H1247
,,LABEL,28006,1,24,,17728-33707,,,,,,,30,HEX.HD.BOLT M12X60 LONG,4,H4006/60/G
,,RIVET,H0979/08/B,2,25,,17728-33707,,,,,,,31,,,
,,SCO.SET SCREW M12X25 LG.,H3466/25/K,4,26,,17728-33707,,,,,,,32,FLEXIBLE SLEEVE,1,17725
,,LOCTITE,H3200/2,A/R,27,,17728-33707,,,,,,,33,CLIP,2,17706
,,DUST HOOD,L21220,1,28,,17728-33707,,,,,,,34,SIEVE DECK,1,L19319
,,ANTI VIBRATION MOUNT,H1247,4,29,,17728-33707,,,,,,,35,MESH FRAME,1,16349/PH/MIC
,,HEX.HD.BOLT M12X60 LONG,H4006/60/G,4,30,,17728-33707,,,,,,,36,MAGNETIC SPARATOR,1,17321/PH
,,FLEXIBLE SLEEVE,17725,1,32,,17728-33707,,,,,,,37,GASKET-MESH FRAME,1,01176/5
,,CLIP,17706,2,33,,17728-33707,,,,,,,38,GASKET-BASE RIM SPACER,1,17324/2
,,SIEVE DECK,L19319,1,34,,17728-33707,,,,,,,39,C'SK HD.SCREW M4X10 LONG,2,H3506/10/G
,,MESH FRAME,16349/PH/MIC,1,35,,17728-33707,,,,,,,40,SLOTTED PAN HD.SCREW M6,6,H3443/10/G
,,MAGNETIC SPARATOR,17321/PH,1,36,,17728-33707,,,,,,,41,PLAIN WASHER D:6,6,H3706/G
,,GASKET-MESH FRAME,01176/5,1,37,,17728-33707,,,,,,,42,DOME NUT M6,6,H3678/G
,,GASKET-BASE RIM SPACER,17324/2,1,38,,17728-33707,,,,,,,,,,
,,C'SK HD.SCREW M4X10 LONG,H3506/10/G,2,39,,17728-33707,,,,,,,,,,
,,SLOTTED PAN HD.SCREW M6,H3443/10/G,6,40,,17728-33707,,,,,,,,,,
,,PLAIN WASHER D:6,H3706/G,6,41,,17728-33707,,,,,,,,,,
,,DOME NUT M6,H3678/G,6,42,,17728-33707,,,,,,,,,,
,04_Fill-Chute,FAB: FILL HEAD WITH INFEED,13502-038,1,1,,13502-021-A,,,,,,,,,,
,,INFEED SEAL,11913-088,1,2,,13502-021-A,,,,,,,,,,
,,CLAMPING CAP,11913-090,1,3,,13502-021-A,,,,,,,,,,
,,"1"" OR 1 1/2"" TRI-CLAMP",CL-SH-0100,1,4,,13502-021-A,,,,,,,,,,
,,FAB: FILL UNIT TOP SPIGOT,13502-023,1,5,,13502-021-A,,,,,,,,,,
,,COILED EARTH CABLE,107-697,1,6,,13502-021-A,,,,,,,,,,
,,FULL NUT M6x1,MF-NF-M6-SS,2,7,,13502-021-A,,,,,,,,,,
,,SEEFLEX 040E SLEEVE 250DIA X 350,BFM-040E-250-350,1,8,,13502-021-A,,,,,,,,,,
,,FAB: MAIN CHUTE (SACK TIP),13502-026,1,1,,13502-027-A,,,,,,,,,,
,,FAB: TRANS CHUTE (SACK TIP),13502-037,1,2,,13502-027-A,,,,,,,,,,
,,QUICK CONNECT PULL RING 250DIA,12253903,1,3,,13502-027-A,,,,,,,,,,
,,PULL RING 250 DIA,12253383,1,4,,13502-027-A,,,,,,,,,,
,,SEAL KELTAN (EPDM) DN250 2mm,102589525,2,5,,13502-027-A,,,,,,,,,,
,,SUPPORT BLOCK DETAIL,11825-053,3,6,,13502-027-A,,,,,,,,,,
,,SETSCREW M10X50LG ST STL,MF-SS-M10X50-SS,3,7,,13502-027-A,,,,,,,,,,
,,LOCK NUT M12 ST STL,MF-NL-M12-SS,3,8,,13502-027-A,,,,,,,,,,
,,C'SK SCREW M12X70LG ST STL,MF-SK-M12X70-SS,3,9,,13502-027-A,,,,,,,,,,
,,C'SK SCREW M12X35LG ST STL,MF-SK-M12X35-SS,3,10,,13502-027-A,,,,,,,,,,
,,DOME NUT M12 ST STL,FD-M12-SS,6,11,,13502-027-A,,,,,,,,,,
,,FLAT WASHER 12 DIA STAINLESS,MF-WF-12DIA-SS,6,12,,13502-027-A,,,,,,,,,,
,05_Liquid Add Stand,FAB: CONTAINER SUPPORT FRAME,11913-021,1,1,,11943-017-B,,,,,,,,,,
,,FABRICATION: CRADLE,11913-022,1,2,,11943-017-B,,,,,,,,,,
,,PERISTALTIC PUMP,621VI/R VERT MOUNT,1,3,,11943-017-B,,,,,,,,,,
,,D.O.L. INSULATED SWITCH BOX,RS-528-7353,1,4,,11943-017-B,,,,,,,,,,
,,HAND KNOB M10,WDS-8161-217,1,5,,11943-017-B,,,,,,,,,,
,,THRUST WASHER,11913-023,1,6,,11943-017-B,,,,,,,,,,
,,FULL NUT M20 ST STL,MF-NF-M20-SS,1,7,,11943-017-B,,,,,,,,,,
,,FLAT WASHER 20 DIA,MF-WF-20DIA-SS,1,8,,11943-017-B,,,,,,,,,,
,,SPRING WASHER 20 DIA,MF-WS-20DIA-SS,1,9,,11943-017-B,,,,,,,,,,
,,DOME NUT M8 ST STL,FD-M8-SS,4,10,,11943-017-B,,,,,,,,,,
,,SETSCREW M8 X 25 STAINLESS,MF-SS-M8X25-SS,4,11,,11943-017-B,,,,,,,,,,
,,SPRING WASHER 8 DIA,MF-WS-8DIA-SS,4,12,,11943-017-B,,,,,,,,,,
,,FLAT WASHER 8 DIA,MF-WF-8DIA-SS,4,13,,11943-017-B,,,,,,,,,,
,,SPACER PLATE,11913-096,1,14,,11943-017-B,,,,,,,,,,
,,FLAT WASHER 4 DIA,MF-WF-4DIA-SS,2,15,,11943-017-B,,,,,,,,,,
,,DOME NUT M4 ST STL,FD-M4-SS,2,16,,11943-017-B,,,,,,,,,,
,,SPRING WASHER 4 DIA,MF-WS-4DIA-SS,2,17,,11943-017-B,,,,,,,,,,
,,C'SK SCREW M4X16LG ST STL,MF-SK-M4X16-SS,2,18,,11943-017-B,,,,,,,,,,
,,M16X1.5 CABLE GLAND,RS-444-3035,2,19,,11943-017-B,,,,,,,,,,
IBC DISCHARGE,05_Buffer Hopper,FAB: BUFFER HOPPER,BFM-20074,1,1,,13502-060-A,,,,,,,,,,
,,FAB: BUFFER HOPPER LID,BFM-20096,1,2,,13502-060-A,,,,,,,,,,
,,IBC INLET SEAL,BFM-20022TR,1,3,,13502-060-A,,,,,,,,,,
,,BAND CLAMP,CL-SH-0200,1,4,,13502-060-A,,,,,,,,,,
,,FILTER SOCK DIA 75,GK-BS-0200-EK,1,5,,13502-060-A,,,,,,,,,,
,,BAND CLAMPING STRIP,WE61.XXACARKMX,1,6,,13502-060-A,,,,,,,,,,
,,BAND CLAMP CLIP - STAINLESS,FJ-CLIP-SS,1,7,,13502-060-A,,,,,,,,,,
,,VEGA WAVE 61 TRI-CLAMP,FJ-SS,1,8,,13502-060-A,,,,,,,,,,
,,"2"" SEAL LIPPED EPDM BLACK",102-838,1,9,,13502-060-A,,,,,,,,,,
,,"2"" CLAMP (316L)",LV10533056BS4H,1,10,,13502-060-A,,,,,,,,,,
,,BFM TOOLING SPIGOT 200I/D 316L,102-964,1,11,,13502-060-A,,,,,,,,,,
,,SEEFLEX 040E 300DIA X 200,13502-062,1,12,,13502-060-A,,,,,,,,,,
,,BFM SEEFLEX 040,13502-061,1,13,,13502-060-A,,,,,,,,,,
,08_Assy-Parts,"BONDED WASHER 3/4"" BSP ST. STL.",BW-3/4-SS,1,1,,102-772-E,,,,,,,,,,
,,ELBOW ADAPTOR 3/4BSPTM-22 O/D,43 145 2268,1,2,,102-772-E,,,,,,,,,,
,,DUMP VALVE BRACKET FABRICATION,101-357,1,3,,102-772-E,,,,,,,,,,
,,"M & M 3/4"" DUMP VALVE N/O",RPG206CTX00,1,4,,102-772-E,,,,,,,,,,
,,"SILENCER - 3/4"" BSP(M)",0682 00 27,1,5,,102-772-E,,,,,,,,,,
,,"STRAIGHT ADAPTER 1/8""BSPT - 8mm",101250818,1,6,,102-772-E,,,,,,,,,,
,,3/4 BSP - 3/4 BSP NICKLE PLATED,ECP-T12\12NP,1,7,,102-772-E,,,,,,,,,,
,,3/4 BSP (F) TEE,160620068,1,8,,102-772-E,,,,,,,,,,
,,"12 O/D TUBE - 1/2""BSPT ADAPTOR",43 125 1248,1,9,,102-772-E,,,,,,,,,,
,,CONN 3/4BSPT (M) - 1/2BSPP (F) SS,150236848,1,10,,102-772-E,,,,,,,,,,
,,22MM NYLON TUBE (NATURAL),PA0022030,1,11,,102-772-E,,,,,,,,,,
,,8mm LLDPE TUBING (NATURAL),PE-0806-0100M-N,1,12,,102-772-E,,,,,,,,,,
,,12mm LLDPE TUBING (NATURAL),PE-1209-0100M-N,1,13,,102-772-E,,,,,,,,,,
,,SETSCREW M8X20LG ST STL,MF-SS-M8X20-SS,2,14,,102-772-E,,,,,,,,,,
,,SPRING WASHER 8 DIA,MF-WS-8DIA-SS,2,15,,102-772-E,,,,,,,,,,
,,PROBE ASSEMBLY,106-604,1,1,,107-650-B,,,,,,,,,,
,,HOPPER KIT,106-993,1,2,,107-650-B,,,,,,,,,,
,,COVERS KIT,105-390,1,3,,107-650-B,,,,,,,,,,
,,EXTERNAL AIR FITTINGS ASSEMBLY,104-109,1,4,,107-650-B,,,,,,,,,,
,,FAB: FRAME ASSEMBLY (S13),108-596,1,1,,108-595-A,,,,,,,,,,
,,ASSY: PROXIMITY SENSOR,106-969,1,2,,108-595-A,,,,,,,,,,
,,EARTH SPRING ASSEMBLY,103-673,1,3,,108-595-A,,,,,,,,,,
,,EARTH SPRING ASSEMBLY,103-715,1,4,,108-595-A,,,,,,,,,,
,,SETSCREW M8X12LG ST STL,MF-SS-M8X12-SS,2,5,,108-595-A,,,,,,,,,,
,,SPRING WASHER 8 DIA,MF-WS-8DIA-SS,2,6,,108-595-A,,,,,,,,,,
,,ASSY: RHS FRAME (S13),108-595,1,1,,13502-064-A,,,,,,,,,,
,,ASSY: GEN 480 HOPPER BFM,107-650,1,2,,13502-064-A,,,,,,,,,,
,,DUMP VALVE ASSEMBLY,102-772,1,3,,13502-064-A,,,,,,,,,,
,,BULKHEAD ASSEMBLY - 12/8/6,107-877,1,4,,13502-064-A,,,,,,,,,,
,10_Ctrls BOM,Rittal 500x500x210 enclosure,AE1007.600,1,1,,1414475 BOM,,,,,,,,,,
,,Workshop Labels,Labels,1,2,,1414475 BOM,,,,,,,,,,
,,Allen Bradley Isolator,AB194E-A16-1753,1,3,,1414475 BOM,,,,,,,,,,
,,Allen Bradley Extension shaft,AB194E-G3675,1,4,,1414475 BOM,,,,,,,,,,
,,Allen Bradley Extension shaft,AB194R-S1,1,5,,1414475 BOM,,,,,,,,,,
,,Allen Bradley Handle,AB194R-PY,1,6,,1414475 BOM,,,,,,,,,,
,,Allen Bradley Earth link,AB194E-A16-PE,1,7,,1414475 BOM,,,,,,,,,,
,,Allen Bradley Neutral link,AB194E-A16-TN,1,8,,1414475 BOM,,,,,,,,,,
,,Merlin Gerin 2A Circuit Breaker,C60HD102,1,9,,1414475 BOM,,,,,,,,,,
,,Merlin Gerin 2A Circuit Breaker,C60HC102,1,10,,1414475 BOM,,,,,,,,,,
,,PULS Power Supply,ML50.100,1,11,,1414475 BOM,,,,,,,,,,
,,telemec White Led Body,ZB4-BVB1,1,12,,1414475 BOM,,,,,,,,,,
,,telemec White Lens,ZB4-BV013,1,13,,1414475 BOM,,,,,,,,,,
,,Merlin Gerin 1A Circuit Breaker,C60HC101,1,14,,1414475 BOM,,,,,,,,,,
,,telemec Three position switch,ZB4-BD3,1,15,,1414475 BOM,,,,,,,,,,
,,telemec 2 x N/O Contact,ZB4-BZ103,1,16,,1414475 BOM,,,,,,,,,,
,,telemec two postition switch,ZB4-BD2,1,19,,1414475 BOM,,,,,,,,,,
,,telemec N/O Contact,ZB4-BZ101,1,20,,1414475 BOM,,,,,,,,,,
,,telemec Green LED body,ZB4-BVB3,1,21,,1414475 BOM,,,,,,,,,,
,,telemec Green lens,ZB4-BV033,1,22,,1414475 BOM,,,,,,,,,,
,,Weidmuller Terminals,WDU6,1,23,,1414475 BOM,,,,,,,,,,
,,Siemens Logo Basic 12/24Rc,6ED1-052-1MD00-0BA7,1,24,,1414475 BOM,,,,,,,,,,
,,Siemens Logo DM8,6ED1-055-1MB00-0BA1,2,25,,1414475 BOM,,,,,,,,,,
,,telemec yellow LED Body,ZB4-BVB5,1,26,,1414475 BOM,,,,,,,,,,
,,telemec Yellow lens,ZB4-BV053,1,27,,1414475 BOM,,,,,,,,,,
,,Weidmuller Earth Terminals,WPE6,2,28,,1414475 BOM,,,,,,,,,,
,,Weidmuller Terminals,WDU2.5mm,12,29,,1414475 BOM,,,,,,,,,,
,,Weidmuller Terminals,WDU2.5mm,18,30,,1414475 BOM,,,,,,,,,,
,,Weidmuller Terminals,WDU2.5mm,8,31,,1414475 BOM,,,,,,,,,,
,,Weidmuller Earth Terminals,WDU2.5mm,1,32,,1414475 BOM,,,,,,,,,,
IBC FILLING PRE-MIX,05_Fill-Chutes,FAB: MANUAL FILL LID WITH VENT,107-123,1,1,,107-127-B,,,,,,,,,,
,,FILTER SOCK DIA 75,102-838,1,2,,107-127-B,,,,,,,,,,
,,BAND CLAMPING STRIP,FJ-SS,1,3,,107-127-B,,,,,,,,,,
,,BAND CLAMP CLIP - STAINLESS,FJ-CLIP-SS,1,4,,107-127-B,,,,,,,,,,
,,SMALL COUNTER WEIGHT 177g,107-693,1,5,,107-127-B,,,,,,,,,,
,,FLAT WASHER 6 DIA,MF-WF-6DIA-SS,1,6,,107-127-B,,,,,,,,,,
,,DOME NUT M6 ST STL,FD-M6-SS,1,7,,107-127-B,,,,,,,,,,
,,FAB: MAIN CHUTE (PREMIX),13502-031,1,1,,13502-029-A,,,,,,,,,,
,,FAB: TRANS CHUTE (PREMIX),13502-032,1,2,,13502-029-A,,,,,,,,,,
,,QUICK CONNECT PULL RING 250DIA,12253903,1,3,,13502-029-A,,,,,,,,,,
,,PULL RING 250 DIA,12253383,1,4,,13502-029-A,,,,,,,,,,
,,SEAL KELTAN (EPDM) DN250 2mm,102589525,2,5,,13502-029-A,,,,,,,,,,
,,SUPPORT BLOCK DETAIL,11825-053,3,6,,13502-029-A,,,,,,,,,,
,,SETSCREW M10X50LG ST STL,MF-SS-M10X50-SS,3,7,,13502-029-A,,,,,,,,,,
,,LOCK NUT M12 ST STL,MF-NL-M12-SS,3,8,,13502-029-A,,,,,,,,,,
,,C'SK SCREW M12X70LG ST STL,MF-SK-M12X70-SS,3,9,,13502-029-A,,,,,,,,,,
,,C'SK SCREW M12X35LG ST STL,MF-SK-M12X35-SS,3,10,,13502-029-A,,,,,,,,,,
,,DOME NUT M12 ST STL,FD-M12-SS,6,11,,13502-029-A,,,,,,,,,,
,,FLAT WASHER 12 DIA STAINLESS,MF-WF-12DIA-SS,6,12,,13502-029-A,,,,,,,,,,
,,ASSY: MANUAL FILL LID WITH VENT,107-127,1,1,,13502-045-A,,,,,,,,,,
,,SEEFLEX 040E SLEEVE 250DIA/450,BFM-040E-250-450,1,2,,13502-045-A,,,,,,,,,,
,,COILED EARTH CABLE,107-697,1,3,,13502-045-A,,,,,,,,,,
,,FULL NUT M6x1,MF-NF-M6-SS,2,4,,13502-045-A,,,,,,,,,,
,,FAB: FILL UNIT TOP SPIGOT,13502-058,1,5,,13502-045-A,,,,,,,,,,
,07_Assy-Parts,FAB: GUIDE TUBE ASSEMBLY,104-833,1,1,,104-832-H,,,,,,,,,,
,,SUPPORT PLATE FABRICATION ASSY,104-833,1,2,,104-832-H,,,,,,,,,,
,,PNEUMASEAL I/D 384MM (PR. CLAMP),PRS-564-6-13349-5,1,3,,104-832-H,,,,,,,,,,
,,FILTER RING,104-843,1,4,,104-832-H,,,,,,,,,,
,,480 CONE LEVELLING PROBE,104-842,1,5,,104-832-H,,,,,,,,,,
,,6 SETSCREW M8 X 25 STAINLESS,MF-SS-M8X25-SS,8,6,,104-832-H,,,,,,,,,,
,,BONDED WASHER METRIC M8 NITRILE,03-41-TA21290MN,8,7,,104-832-H,,,,,,,,,,
,,"STR.ADAPTOR 1/4""BSPT-8MM",101250828,2,8,,104-832-H,,,,,,,,,,
,,"6MM O/D - 1/8"" NPTF ELBOW",FE-6-125N,1,9,,104-832-H,,,,,,,,,,
,,THREADED BUSH,104-844,1,10,,104-832-H,,,,,,,,,,
,,RETAINING BOSS,104-845,1,11,,104-832-H,,,,,,,,,,
,,SPRING WASHER 12 DIA ST.ST,MF-WS-12DIA-SS,1,12,,104-832-H,,,,,,,,,,
,,SETSCREW M12X60LG ST STL,MF-SS-M12X60-SS,1,13,,104-832-H,,,,,,,,,,
,,COMPRESSION SPRING,D23850,1,14,,104-832-H,,,,,,,,,,
,,FAB: CONE CLAMPING FRAME (S13),13502-010,1,1,,13502-050-A,,,,,,,,,,
,,ASSY: 480 CONE CLAMP,104-832,1,2,,13502-050-A,,,,,,,,,,
,,8MM BULKHEAD ELBOW,100490800,4,3,,13502-050-A,,,,,,,,,,
,,6MM BULKHEAD ELBOW,100490600,2,4,,13502-050-A,,,,,,,,,,
,,8MM BULKHEAD FITTING SS (P-IN),38160800,2,5,,13502-050-A,,,,,,,,,,
,,6MM BULKHEAD FITTING SS (P-IN),38160600,1,6,,13502-050-A,,,,,,,,,,
,,8MM PIPE,PE-0806-0100M-N,4,7,,13502-050-A,,,,,,,,,,
,,6MM PIPE,PE-0604-0100M-N,2,8,,13502-050-A,,,,,,,,,,
,,COVER PLATE FABRICATION,102-770,4,9,,13502-050-A,,,,,,,,,,
,,GASKET,102-781,4,10,,13502-050-A,,,,,,,,,,
,,BUTTON HD SCREW M4X12LG ST STL,MF-SBT-M4X12-SS,24,11,,13502-050-A,,,,,,,,,,
,,DUMMY LOADCELL ASSEMBLY,AW338/00000,4,12,,13502-050-A,,,,,,,,,,
,,CAP HD SCREW M12X50LG ST STL,MF-SC-M12X50-SS,8,13,,13502-050-A,,,,,,,,,,
,,SPRING WASHER 12 DIA ST.ST,MF-WS-12DIA-SS,4,14,,13502-050-A,,,,,,,,,,
,,FULL NUT M12x1.75,MF-NF-M12-SS,4,15,,13502-050-A,,,,,,,,,,
,,ASSY: EARTH SPRING,103-673,1,16,,13502-050-A,,,,,,,,,,
,,ASSY: EARTH SPRING,103-715,1,17,,13502-050-A,,,,,,,,,,
,,BUTTON HD SCREW M4X6LG ST STL,MF-SBT-M4X6-SS,4,18,,13502-050-A,,,,,,,,,,
,,STOPPING PLUG,RS-809-093,4,19,,13502-050-A,,,,,,,,,,
,08_S IBC,480 CONE VALVE 316L Ra 0.5um,102-401,1,1,,104-562-A,,,,,,,,,,
,,480 DIA REINFORCING RING,102-432,1,2,,104-562-A,,,,,,,,,,
,,480 CONE SEAL,102-018,1,3,,104-562-A,,,,,,,,,,
,,IBC INLET SEAL,102-964,1,1,,105-304-A,,,,,,,,,,
,,BAND CLAMP,LV10533056BS4H,1,2,,105-304-A,,,,,,,,,,
,,IBC LID,101-452,1,3,,105-304-A,,,,,,,,,,
,,FAB: 2500L S13 IBC,13502-016,1,1,,13502-013-A,,,,,,,,,,
,,ASSY: 480 CONE VALVE & SEAL,104-652,1,2,,13502-013-A,,,,,,,,,,
,,ASSY: 'S' SERIES IBC FOOT,105-302,2,3,,13502-013-A,,,,,,,,,,
,,ASSY: 'S' SERIES IBC FOOT OPP HAND,105-303,2,4,,13502-013-A,,,,,,,,,,
,,S' SERIES IBC LID ASSEMBLY,105-304,1,5,,13502-013-A,,,,,,,,,,
,,FAB: 1500L S13 IBC,13502-020,1,1,,13502-017-A,,,,,,,,,,
,,ASSY: 480 CONE VALVE & SEAL,104-652,1,2,,13502-017-A,,,,,,,,,,
,,ASSY: 'S' SERIES IBC FOOT,105-302,2,3,,13502-017-A,,,,,,,,,,
,,ASSY: 'S' SERIES IBC FOOT OPP HAND,105-303,2,4,,13502-017-A,,,,,,,,,,
,,S' SERIES IBC LID ASSEMBLY,105-304,1,5,,13502-017-A,,,,,,,,,,
,09_IBC Wash Lid,FAB: IBC WASH LID,107-866,1,1,,107-865-B,,,,,,,,,,
,,TOFTEJORG TZ-89 ROTARY JET,TQ-TZ89 4X4 1020LG,1,2,,107-865-B,,,,,,,,,,
,,"3"" CLAMP SEAL LIPPED WHT SILICONE",GK-BS-0300-SW,1,3,,107-865-B,,,,,,,,,,
,,"3"" CLAMP 316L",CL-SH-0300,1,4,,107-865-B,,,,,,,,,,
,,"1"" CLAMP 316L",CL-SH-0100,1,5,,107-865-B,,,,,,,,,,
,,"1"" CLAMP SEAL LIPPED WHT SILICONE",GK-BS-0100-SW,1,6,,107-865-B,,,,,,,,,,
,,"1"" HOSETAIL FERRULE",HT.100.100,1,7,,107-865-B,,,,,,,,,,
,,FILL LID SEAL,107-295,1,8,,107-865-B,,,,,,,,,,
,10_Ctrls BOM,Rittal 380x380x210 enclosure,AE1006.600,1,1,,1406770. BOM,,,,,,,,,,
,,Aspects Labels to schedule,Labels,1,2,,1406770. BOM,,,,,,,,,,
,,Matcon 1/4 Air Service Unit,566380,1,4,,1406770. BOM,,,,,,,,,,
,,On/off valve HE-D-MINI,170681,1,5,,1406770. BOM,,,,,,,,,,
,,Silencer U-1/8,2307,1,6,,1406770. BOM,,,,,,,,,,
,,Filter LF-1/4-D-MINI,159613,1,7,,1406770. BOM,,,,,,,,,,
,,F/panel valve SV-3-M5,6817,1,9,,1406770. BOM,,,,,,,,,,
,,Selector switch N-22-SW,9301,1,10,,1406770. BOM,,,,,,,,,,
,,Silencer U-M5,4645,1,11,,1406770. BOM,,,,,,,,,,
,,Pneumatic valve VL/O-3-1/4,9984,1,12,,1406770. BOM,,,,,,,,,,
,,1/4 flat silencer,1206623,1,13,,1406770. BOM,,,,,,,,,,
,,Vacuum actuator VUV,7654,1,14,,1406770. BOM,,,,,,,,,,
,,Solenoid valve MCH-3-1/8,2199,1,15,,1406770. BOM,,,,,,,,,,
,,Silencer U-M5,4645,1,16,,1406770. BOM,,,,,,,,,,
,,Press.indicat. OH-22-GN,4237,1,17,,1406770. BOM,,,,,,,,,,
,,Push b/head con QSS-8,153159,1,18,,1406770. BOM,,,,,,,,,,
,,"Plastic tubing PLN-8X1,25-NT",193405,5,19,,1406770. BOM,,,,,,,,,,
,,Vacuum gener. VAD-1/4,9394,1,20,,1406770. BOM,,,,,,,,,,
,,1/4 flat silencer,1206623,1,21,,1406770. BOM,,,,,,,,,,
,,Non-ret. valve HA-1/4-QS-8,153454,1,22,,1406770. BOM,,,,,,,,,,
,,Push b/head con QSS-8,153159,1,23,,1406770. BOM,,,,,,,,,,
,,"Plastic tubing PLN-8X1,25-NT",193405,1,24,,1406770. BOM,,,,,,,,,,
,,Press regulator LR-1/4-D-2.5-O-MINI-SA,532435,1,25,,1406770. BOM,,,,,,,,,,
,,"Pressure gauge MA-50-2,5-1/4-EN",162837,1,26,,1406770. BOM,,,,,,,,,,
,,Branch module FRM-D-MINI,170684,1,27,,1406770. BOM,,,,,,,,,,
,,Pneumatic valve VL/O-3-1/8-B,7803,1,28,,1406770. BOM,,,,,,,,,,
,,1/8 flat silencer,1206622,1,29,,1406770. BOM,,,,,,,,,,
,,1-way contr.val GR-QS-6,193969,1,30,,1406770. BOM,,,,,,,,,,
,,Push b/head con QSS-6,153158,1,31,,1406770. BOM,,,,,,,,,,
,,Plastic tubing PLN-6X1-NT,193404,5,32,,1406770. BOM,,,,,,,,,,
,,B/head fitting SCM-1/4,9971,1,33,,1406770. BOM,,,,,,,,,,
,,Silencer U-1/4,2316,1,34,,1406770. BOM,,,,,,,,,,
,,Supply manifold PAL-5-1/4-3,9189,1,35,,1406770. BOM,,,,,,,,,,
,,Non-ret. valve HB-1/4-QS-8,153455,1,36,,1406770. BOM,,,,,,,,,,
,,P/in connector QS-8H-6,153042,2,37,,1406770. BOM,,,,,,,,,,
IBC BLENDER,04_Maintenance,ASSY BLENDER CONE CLAMP,SLORID CONE CLAMP,1,1,,105-856-F,,,,,,,,,,
,,H/D INFLATABLE SEAL I/D 384mm,PRS-36855-1,1,2,,105-856-F,,,,,,,,,,
,,"6MM O/D - 1/8"" NPTF ELBOW",FE-6-125N,1,3,,105-856-F,,,,,,,,,,
,,"1/4"" BSPT X 8O/D SWIVEL ELBOW",101470828,2,4,,105-856-F,,,,,,,,,,
,05_Hydraulic System,Oil-level switch,HO.001.01.0,1,1,,PARTS 05B,,,,,,,,,,
,,Drain valve incl. connectors,HT.003.40.0,2,2,,PARTS 05B,,,,,,,,,,
,,Filter,HF.001.01.0,1,3,,PARTS 05B,,,,,,,,,,
,,Filter flange,HF.001.02.1,1,4,,PARTS 05B,,,,,,,,,,
,,Hose incl. 2 clamps,HP.001.20.0,1,5,,PARTS 05B,,,,,,,,,,
,,Pump flange,HP.210.02.0,2,6,,PARTS 05B,,,,,,,,,,
,,Oil-pump,HP.210.01.0,1,7,,PARTS 05B,,,,,,,,,,
,,Pump/motor flange,HP.210.03.0,1,8,,PARTS 05B,,,,,,,,,,
,,Coupeling,HP.210.04.0,1,9,,PARTS 05B,,,,,,,,,,
,,Electric motor,HM.015.01.0,1,10,,PARTS 05B,,,,,,,,,,
,,5/3 Valve,HV.001.07.0,1,11,,PARTS 05B,,,,,,,,,,
,,safety valve,HV.001.04.0,3,12,,PARTS 05B,,,,,,,,,,
,,Sealset,HV.001.10.0,1,13,,PARTS 05B,,,,,,,,,,
,,Oil-pressure switch,HV.001.06.0,1,14,,PARTS 05B,,,,,,,,,,
,,Pressure regulator,HV.001.03.0,1,15,,PARTS 05B,,,,,,,,,,
,,Base Plate,HV.001.01.1,1,16,,PARTS 05B,,,,,,,,,,
,,Pressure regulator,HV.001.02.0,1,17,,PARTS 05B,,,,,,,,,,
,07_Pneumatic System,Air entry,-,,1,,Pneumatic Standard Blender,,,,,,,,,,
,,Connector,QS-1/8-6/153002,,2,,Pneumatic Standard Blender,,,,,,,,,,
,,Compressed air filter regulator,LR.001.02.0,,3a,,Pneumatic Standard Blender,,,,,,,,,,
,,Precision pressure gauge,LP.001.00.0,,3b,,Pneumatic Standard Blender,,,,,,,,,,
,,Connector,E1/4-1/4/4575,,4,,Pneumatic Standard Blender,,,,,,,,,,
,,Pressure switch,LS.001.02.0,,5,,Pneumatic Standard Blender,,,,,,,,,,
,,Connector,QM-1/8-1/8/2254,,6,,Pneumatic Standard Blender,,,,,,,,,,
,,Connector,E1/8-1/8/3573,,7,,Pneumatic Standard Blender,,,,,,,,,,
,,Double solenoid valve,LV.002.03.0,,9a,,Pneumatic Standard Blender,,,,,,,,,,
,,Double solenoid valve,LV.002.03.0,,9b,,Pneumatic Standard Blender,,,,,,,,,,
,,Connector,QS-1/8-6/153002,,10,,Pneumatic Standard Blender,,,,,,,,,,
,,Rotary unit,LU.000.00.0,,11,,Pneumatic Standard Blender,,,,,,,,,,
,,T-Connector,3/8 Brons,,12,,Pneumatic Standard Blender,,,,,,,,,,
,,Connector,QS-1/4-6/153003,,13,,Pneumatic Standard Blender,,,,,,,,,,
,,Vacuüm generator,LG.000.01.0,,14,,Pneumatic Standard Blender,,,,,,,,,,
,,L-Connector,QSRL-1/8-6/153411,,15,,Pneumatic Standard Blender,,,,,,,,,,
,,Vacuüm Gauge,LG.001.08.0,,16,,Pneumatic Standard Blender,,,,,,,,,,
,,Vacuüm switch,LS.001.01.0,,17,,Pneumatic Standard Blender,,,,,,,,,,
,,L-Connector,QSRL-1/8-6/153411,,18,,Pneumatic Standard Blender,,,,,,,,,,
,,T-Connector,QSMTL-G1/8-6/186275,,19,,Pneumatic Standard Blender,,,,,,,,,,
,,Air exhaust and inlet coneclamp,QS-1/4-6/153003,,20,,Pneumatic Standard Blender,,,,,,,,,,
,,Precision low pressure regulator,LR.001.00.0,,21,,Pneumatic Standard Blender,,,,,,,,,,
,,Precision pressure gauge,LP.001.00.0,,22,,Pneumatic Standard Blender,,,,,,,,,,
,,connector,QS-1/4-6/153003,,23,,Pneumatic Standard Blender,,,,,,,,,,
,,Non return valve,LV.000.01.0,,24,,Pneumatic Standard Blender,,,,,,,,,,
,,T-connector,QST-6/153129,,25,,Pneumatic Standard Blender,,,,,,,,,,
,,"Solenoid valve, directly regulated",LV.001.01.0,,26,,Pneumatic Standard Blender,,,,,,,,,,
,,Pneumatic seal MATCON,Matcon,,27,,Pneumatic Standard Blender,,,,,,,,,,
,08_Mechanical Construction,FAB: VENT DUCTING TOP,09712-088,1,1,,13556-182-A,,,,,,,,,,
,,FAB: VENT DUCTING BOTTOM,09712-089,1,2,,13556-182-A,,,,,,,,,,
,,INNER GUIDE RING,09712-091,2,3,,13556-182-A,,,,,,,,,,
,,OUTER GUIDE RING,09712-090,2,4,,13556-182-A,,,,,,,,,,
,,ROTATING PLATE,09712-063,1,5,,13556-182-A,,,,,,,,,,
,,ROTATING PLATE 2,09712-086,1,6,,13556-182-A,,,,,,,,,,
,,SETSCREW M4X16LG ST STL,MF-SS-M4X16-SS,4,7,,13556-182-A,,,,,,,,,,
,,FLAT WASHER 4 DIA,MF-WF-4DIA-SS,4,8,,13556-182-A,,,,,,,,,,
,,SPRING WASHER 4 DIA,MF-WS-4DIA-SS,4,9,,13556-182-A,,,,,,,,,,
,,DOME NUT M4 ST STL,FD-M4-SS,4,10,,13556-182-A,,,,,,,,,,
,,SELF ADHESIVE GASKET 20 X 3,SE-GA-20X3,1,11,,13556-182-A,,,,,,,,,,
,,QUICK CONNECT PULL RING 80 DIA,12083903 QCONNECT,2,12,,13556-182-A,,,,,,,,,,
,,U-SHAPED SEAL SILICONE 80 DIA X 1,10087951,2,13,,13556-182-A,,,,,,,,,,
,,PIPE CLAMP DN 80,10083780,3,14,,13556-182-A,,,,,,,,,,
,,BAND CLAMPING STRIP,FJ-SS,1,15,,13556-182-A,,,,,,,,,,
,,BAND CLAMP STRIP STAINLESS,FJ-CLIP-SS,1,16,,13556-182-A,,,,,,,,,,
,,SETSCREW M10X20LG ST STL,MF-SS-M10X20-SS,4,17,,13556-182-A,,,,,,,,,,
,,FLAT WASHER 10 DIA,MF-WF-10DIA-SS,6,18,,13556-182-A,,,,,,,,,,
,,SPRING WASHER 10 DIA,MF-WS-10DIA-SS,6,19,,13556-182-A,,,,,,,,,,
,,M10 STUD BAR FOR JACOB BRACKET,09712-123,2,20,,13556-182-A,,,,,,,,,,
,,FULL NUT M10 STAINLESS,MF-NF-M10-SS,6,21,,13556-182-A,,,,,,,,,,
,,RING SEAL FOR PUSH PIPE 80 DIA,100881555,1,22,,13556-182-A,,,,,,,,,,
,,PULL RING 80 DIA,12083383,1,23,,13556-182-A,,,,,,,,,,
,,EARTHING BRDGE ST.STL,11003792,10,24,,13556-182-A,,,,,,,,,,
,,DUCTING COVER PLATE,09713-085,2,25,,13556-182-A,,,,,,,,,,
,,DUCTING ACCESS PLATE,09713-086,1,26,,13556-182-A,,,,,,,,,,
,,FLAT WASHER 6 DIA,MF-WF-6DIA-SS,12,27,,13556-182-A,,,,,,,,,,
,,SPRING WASHER 6 DIA,MF-WS-6DIA-SS,12,28,,13556-182-A,,,,,,,,,,
,,SETSCREW M6X12LG ST STL,MF-SS-M6X12-SS,12,29,,13556-182-A,,,,,,,,,,
,,M8X40 SOCKET HD SCREW,MF-SC-M6X40-SS,10,30,,13556-182-A,,,,,,,,,,
,,BLENDER EXTRACTION PIPE A,13556-183,1,31,,13556-182-A,,,,,,,,,,
,,BLENDER EXTRACTION PIPE B,13556-184,1,32,,13556-182-A,,,,,,,,,,
,10_Intensifier Lid,ASSY: INTENSIFIER W/ AIR PURGE SEAL,13502-071,1,1,,13502-070-A,,,,,,,,,,
,,ACTUATED VENT VALVE,09713-022,1,2,,13502-070-A,,,,,,,,,,
,,ACTUATOR CLAMP PLATE,09712-074,1,3,,13502-070-A,,,,,,,,,,
,,ROUNDLINE CYLINDER 25 D x 25 STROKE,RM-8025-MF-25,1,4,,13502-070-A,,,,,,,,,,
,,"ELBOW 1/8""BSP X 6mm O/D (P)",102470618,2,5,,13502-070-A,,,,,,,,,,
,,O-RING 50 I/D x 4 DIA,01-04-TA150-70MN,1,6,,13502-070-A,,,,,,,,,,
,,PULL RING 60 DIA,12063383,1,7,,13502-070-A,,,,,,,,,,
,,SEAL KELTAN (EPDM) DN60 1MM,100689515,1,8,,13502-070-A,,,,,,,,,,
,,INTENSIFIER VENT NOZZLE,09712-122,1,9,,13502-070-A,,,,,,,,,,
,,INTENSIFIER JUNCTION BOX,09713-016,1,10,,13502-070-A,,,,,,,,,,
,,FEMALE MODULE,40217,1,11,,13502-070-A,,,,,,,,,,
,,FORK PANEL GASKET,09713-018,1,12,,13502-070-A,,,,,,,,,,
,,VENT HALF,09713-023,2,13,,13502-070-A,,,,,,,,,,
,,M16X1.5 CABLE GLAND,RS-444-3035,2,14,,13502-070-A,,,,,,,,,,
,,"BLACK, IP68 LOCKNUT,M16X1.5THD",RS-444-3085,2,15,,13502-070-A,,,,,,,,,,
,,6MM O/D BULKHEAD CONNECTOR,100290600,3,16,,13502-070-A,,,,,,,,,,
,,C'SK SCREW M4X12LG ST STL,MF-SK-M4X12-SS,4,17,,13502-070-A,,,,,,,,,,
,,BUTTON HD SCREW M4X10LG ST STL,MF-SBT-M4X10-SS,4,18,,13502-070-A,,,,,,,,,,
,,REED SWITCH WITH 10M CABLE,M_50_LSU_5V,1,19,,13502-070-A,,,,,,,,,,
,,SWITCH BRACKET,QM/33/025/22,1,20,,13502-070-A,,,,,,,,,,
,,QUICK CONNECT PULL RING 80 DIA,12083903 QCONNECT,1,21,,13502-070-A,,,,,,,,,,
,,DN60 - DN 80 SPACER SEAL,09714-034,2,22,,13502-070-A,,,,,,,,,,
,,FAB: INTENSIFIER LID,09713-072,1,1,,13502-071-A,,,,,,,,,,
,,SPINDLE,09713-077,1,2,,13502-071-A,,,,,,,,,,
,,DEEP GROOVE RUBBER SEAL (SKF),6009-2RS1-C3,2,3,,13502-071-A,,,,,,,,,,
,,BEARING CAP,107-613,1,4,,13502-071-A,,,,,,,,,,
,,DOG CLUTCH PLATE,107-610,1,5,,13502-071-A,,,,,,,,,,
,,FAB: ONE PIECE BLADE STACK,108-585,1,6,,13502-071-A,,,,,,,,,,
,,CAP HD SCREW M5X30LG ST STL,MF-SC-M5X30-SS,2,7,,13502-071-A,,,,,,,,,,
,,DUST COVER SPACER,09712-084,1,8,,13502-071-A,,,,,,,,,,
,,INTERNAL CIRCLIP 75 DIA SS,CI-75-SS,1,9,,13502-071-A,,,,,,,,,,
,,SPINDLE SPACER,09712-081,1,10,,13502-071-A,,,,,,,,,,
,,O-RING 30 I/D X 3 DIA,01-06-TA330-70MN,1,11,,13502-071-A,,,,,,,,,,
,,AIR PURGE SEAL,09712-085,1,12,,13502-071-A,,,,,,,,,,
,,DEFLECTOR DISC,09712-082,1,13,,13502-071-A,,,,,,,,,,
,,INTENSIFIER LABEL,108-590,1,14,,13502-071-A,,,,,,,,,,
,,FITTINGS BLOCK,09713-079,1,15,,13502-071-A,,,,,,,,,,
,,RELIEF VALVE 3 PSI CRACK,532T1-2M-3,1,16,,13502-071-A,,,,,,,,,,
,,PRESSUE SWITCH 0.05-1 BAR,RS-511-2158,1,17,,13502-071-A,,,,,,,,,,
,,6MM O/D BULKHEAD CONNECTOR,100290600,1,18,,13502-071-A,,,,,,,,,,
,,POLYURETHANE TUBE 6mm - BLUE,PU0506025C,1,19,,13502-071-A,,,,,,,,,,
,,SEAL REPLACEMENT SPACER,09714-033,1,20,,13502-071-A,,,,,,,,,,
,,BONDED WASHER 14 I/DIA ST.STL.,BW_M14,1,21,,13502-071-A,,,,,,,,,,
,,FITTINGS BLOCK CAP,09713-084,1,22,,13502-071-A,,,,,,,,,,
,,O-RING - 20 I/D - 2DIA - FOOD GRADE,20X2SIL70R,1,23,,13502-071-A,,,,,,,,,,
,,BUTTON HD SCREW M3X6LG ST STL,MF-SBT-M3X6-SS,4,24,,13502-071-A,,,,,,,,,,
,11_Intensifier Drive,FAB: MOTOR PLATE & ALIGNMENT CYLINDER,107-589,1,1,,107-582-E,,,,,,,,,,
,,MOTOR FRAME FABRICATION,107-585,1,2,,107-582-E,,,,,,,,,,
,,ACTUATOR,AC-FS7001-16,3,3,,107-582-E,,,,,,,,,,
,,ANTI ROTATION BUSH,107-592,2,4,,107-582-E,,,,,,,,,,
,,INDUCTIVE SENSOR,IFM-IGA3005-APKG,1,5,,107-582-E,,,,,,,,,,
,,SETSCREW 3/8 UNC X 1.25 ST.ST,MF-SS-3/8UNCX1.25-SS,6,6,,107-582-E,,,,,,,,,,
,,SETSCREW M16X65LG ST STL,MF-SS-M16X65-SS,2,7,,107-582-E,,,,,,,,,,
,,FULL NUT M16 STAINLESS STEEL,MF-NF-M16-SS,4,8,,107-582-E,,,,,,,,,,
,,SETSCREW M20X90LG ST STL,MF-SS-M20X90-SS,4,9,,107-582-E,,,,,,,,,,
,,FULL NUT M20 ST STL,MF-NF-M20-SS,4,10,,107-582-E,,,,,,,,,,
,,FLAT WASHER 16 DIA,MF-WF-16DIA-SS,6,11,,107-582-E,,,,,,,,,,
,,FLAT WASHER 10 DIA,MF-WF-10DIA-SS,6,12,,107-582-E,,,,,,,,,,
,,CORK CLAMP PAD,TP-206120,3,13,,107-582-E,,,,,,,,,,
,,SETSCREW M16X100LG ST STL,MF-SS-M16X100-SS,4,14,,107-582-E,,,,,,,,,,
,,8MM O/D TUBE EQUAL TEE,100600800,4,15,,107-582-E,,,,,,,,,,
,,"1/4"" NPT - 8mm O/D STRAIGHT STEM",104150828,3,16,,107-582-E,,,,,,,,,,
,,8MM LLDPE TUBING (NATURAL),PE-0806-0100M-N,4,17,,107-582-E,,,,,,,,,,
,,8mm BULKHEAD,100290800,1,18,,107-582-E,,,,,,,,,,
,,M16 CABLE GLAND ATEX,RS-237-079,1,19,,107-582-E,,,,,,,,,,
,,NYLOC NUT M16 ST STL,MF-NS-M16-SS,2,20,,107-582-E,,,,,,,,,,
,,11KW 2 POLE MOTOR,11kW MTR 400V ZONE 2,1,1,,107-583-C,,,,,,,,,,
,,CLUTCH BODY PLATE,107-625,1,2,,107-583-C,,,,,,,,,,
,,CLUTCH BODY,107-622,1,3,,107-583-C,,,,,,,,,,
,,GRUB SCREW M6 x 6 ST. STL.,MF-SG-M6X6-SS,2,4,,107-583-C,,,,,,,,,,
,,CLUTCH PIN,107-623,4,5,,107-583-C,,,,,,,,,,
,,CLUTCH SPRING,D21990,4,6,,107-583-C,,,,,,,,,,
,,DOG CLUTCH,107-624,1,7,,107-583-C,,,,,,,,,,
,,O RING,FO-01-06-TA370,1,8,,107-583-C,,,,,,,,,,
,,CAP HD SCREW M6X16LG ST STL,MF-SC-M6X16-SS,2,9,,107-583-C,,,,,,,,,,
,,C'SK SCREW M12X35LG ST STL,MF-SK-M12X35-SS,1,10,,107-583-C,,,,,,,,,,
,,ASSEMBLY: MOTOR DRIVE FRAME,107-582,1,1,,107-742-C,,,,,,,,,,
,,ASSEMBLY: MOTOR & CLUTCH,107-583,1,2,,107-742-C,,,,,,,,,,
,,FULL NUT M12x1.75,MF-NF-M12-SS,4,3,,107-742-C,,,,,,,,,,
,,C'SK SCREW M12X60LG ST STL,MF-NF-M12-SS,4,4,,107-742-C,,,,,,,,,,
,,FLAT WASHER 12 DIA STAINLESS,MF-WF-12DIA-SS,4,5,,107-742-C,,,,,,,,,,
,,SPRING WASHER 12 DIA ST.ST,MF-WS-12DIA-SS,4,6,,107-742-C,,,,,,,,,,
Filling Wolf,Gehäuse Frame,Unterteil bottom part,135.01.001.04. Unterteil,1,1,,SparePart 2.14.013 Hal 1,,,,,,,,,,
,,Vorderteil front part,135.01.001.04. Vorderteil,1,2,,SparePart 2.14.013 Hal 1,,,,,,,,,,
,,Oberteil upper part,135.01.001.04. Obertail,1,3,,SparePart 2.14.013 Hal 1,,,,,,,,,,
,,Hinterteil hind quarters,135.01.001.04. Hinterteil,1,4,,SparePart 2.14.013 Hal 1,,,,,,,,,,
,,Gehäusefuß frame foot,135.01.135.00,2,5,,SparePart 2.14.013 Hal 1,,,,,,,,,,
,,Frontplatte front plate,135.01.002.02,1,6,,SparePart 2.14.013 Hal 1,,,,,,,,,,
,,"Gelenkfuß, M20x160 D=100 hinged foot",31-02-068,4,7,,SparePart 2.14.013 Hal 1,,,,,,,,,,
,,Blech sheet,135.01.005.00 - Blech,1,8,,SparePart 2.14.013 Hal 1,,,,,,,,,,
,,Haken hook,135.01.005.00 - Haken,2,9,,SparePart 2.14.013 Hal 1,,,,,,,,,,
,,Sechskantmutter M20 hexagonal nut,51-10-002,4,10,,SparePart 2.14.013 Hal 1,,,,,,,,,,
,,Träger - rechts sopport right,135.01.025.01,1,11,,SparePart 2.14.013 Hal 1,,,,,,,,,,
,,Träger - links support left,135.01.024.01,1,12,,SparePart 2.14.013 Hal 1,,,,,,,,,,
,,Deckel cover,135.01.027.01,1,13,,SparePart 2.14.013 Hal 1,,,,,,,,,,
,,Deckel cover,135.01.028.01,1,14,,SparePart 2.14.013 Hal 1,,,,,,,,,,
,,Deckplatte cover plate,135.01.004.01,1,15,,SparePart 2.14.013 Hal 1,,,,,,,,,,
,,SEITENTÜR siede door,175.01.006.00,1,16,,SparePart 2.14.013 Hal 1,,,,,,,,,,
,,"Gehäuse,m.Mutter frame with nut",32-00-303,1,17,,SparePart 2.14.013 Hal 1,,,,,,,,,,
,,"Zunge, St closure",32-00-305,1,18,,SparePart 2.14.013 Hal 1,,,,,,,,,,
,,"Betätigungseinsatz, Doppelbart actuating piece",32-00-306,1,19,,SparePart 2.14.013 Hal 1,,,,,,,,,,
,,"Scharnier, kpl.schwarz hinge",31-00-229,2,20,,SparePart 2.14.013 Hal 1,,,,,,,,,,
,"Kopfplatte SH450 XL Säulen eckig
Top plate",SÄULE L=450 A-pillar,186.01.012.00,4,1,,SparePart 2.14.013 Hal 2,,,,,,,,,,
,,"U-Scheibe d8,4 A2 U-washer",52-10-001,4,2,,SparePart 2.14.013 Hal 2,,,,,,,,,,
,,Sechskantschraube M8x40 hexagon screw,50-10-001,4,3,,SparePart 2.14.013 Hal 2,,,,,,,,,,
,,Kopfplatte XL SD80,135.01.173.00,1,4,,SparePart 2.14.013 Hal 2,,,,,,,,,,
,,U-SCHEIBE U-washer,52-10-007,4,5,,SparePart 2.14.013 Hal 2,,,,,,,,,,
,,Sechskantschraube M12x40 hexagon screw,50-10-112,4,6,,SparePart 2.14.013 Hal 2,,,,,,,,,,
,Sicherheitsschalter Türanschlag LH Security Switch,Halter holder,135.01.146.00,1,1,,SparePart 2.14.013 Hal 3,,,,,,,,,,
,,Sicherheitssensor Nr.1184377 safety sensor,32-02-614,1,2,,SparePart 2.14.013 Hal 3,,,,,,,,,,
,,Halter holder,135.01.147.00,1,3,,SparePart 2.14.013 Hal 3,,,,,,,,,,
,,Magnet Nr.1184395 magnet,32-02-616,1,4,,SparePart 2.14.013 Hal 3,,,,,,,,,,
,,Zylinderschaube M04x16 cylinder screw,50-10-003,2,5,,SparePart 2.14.013 Hal 3,,,,,,,,,,
,,Zylinderschraube M4x10 cylinder screw,50-10-060,2,6,,SparePart 2.14.013 Hal 3,,,,,,,,,,
,Backenschutz Jaw cover,PROFILSTANGE L390 profile bar,135.01.101.00,4,1,,SparePart 2.14.013 Hal 4,,,,,,,,,,
,,Lasche B050 T010 L187.5 ledge,135.01.185.00,4,2,,SparePart 2.14.013 Hal 4,,,,,,,,,,
,,"Gleitlager, Iglidur G 15x17x10 sliding bearing",31-02-476,4,3,,SparePart 2.14.013 Hal 4,,,,,,,,,,
,,SCHARNIER hinge,135.01.181.00,4,4,,SparePart 2.14.013 Hal 4,,,,,,,,,,
,,"Anlaufscheibe D24 d15 L1,5 attempt washer",31-01-687,8,5,,SparePart 2.14.013 Hal 4,,,,,,,,,,
,,FRONTTÜR front door,135.01.031.02,2,6,,SparePart 2.14.013 Hal 4,,,,,,,,,,
,,"Bügelgriff, 179x57 handle",31-02-478,2,7,,SparePart 2.14.013 Hal 4,,,,,,,,,,
,,Welle bds. abgesetzt D25 L0900 shaft,2.5009.0008,2,8,,SparePart 2.14.013 Hal 4,,,,,,,,,,
,,SEITENPLATTE siede plate,135.01.103.00,2,9,,SparePart 2.14.013 Hal 4,,,,,,,,,,
,,DISTANZBUCHSE distance bushes,2.4000.0248,8,10,,SparePart 2.14.013 Hal 4,,,,,,,,,,
,,PLATTE plate,135.01.018.00,4,11,,SparePart 2.14.013 Hal 4,,,,,,,,,,
,,"Haftmagnetscheibe 32x7,0 magnet washer",31-02-477,4,12,,SparePart 2.14.013 Hal 4,,,,,,,,,,
,,Halter für Sensor RH holder,135.01.182.00,2,13,,SparePart 2.14.013 Hal 4,,,,,,,,,,
,,Halter für Sensor LH holder,135.01.183.00,2,14,,SparePart 2.14.013 Hal 4,,,,,,,,,,
,,Sicherheitssensor Nr.1184377 sensor,32-02-614,1,15,,SparePart 2.14.013 Hal 4,,,,,,,,,,
,,Sicherheitssensor Nr.1184361 sensor,32-02-615,1,16,,SparePart 2.14.013 Hal 4,,,,,,,,,,
,,Magnet Nr.1184395 magnet,32-02-616,2,17,,SparePart 2.14.013 Hal 4,,,,,,,,,,
,,Scheibe D30 L05 d09 washer,2.0126.0004,8,18,,SparePart 2.14.013 Hal 4,,,,,,,,,,
,,GEGENSTÜCK D25 H05.5 d04.2 counterpart,31-02-083,4,19,,SparePart 2.14.013 Hal 4,,,,,,,,,,
,ROLLENTRÄGER BASIS VPC/VPD 250,Traverse support bracket,135.03.001.01,2,1,,SparePart 2.14.013 Hal 5,,,,,,,,,,
,,DISTANZPLATTE distance plate,135.03.010.02,1,2,,SparePart 2.14.013 Hal 5,,,,,,,,,,
,,Halter holder,135.03.012.00,2,3,,SparePart 2.14.013 Hal 5,,,,,,,,,,
,,UMLENKROLLE deflecting roller,2.4005.0004,4,4,,SparePart 2.14.013 Hal 5,,,,,,,,,,
,,Radialkugellager d006D019B06 bearing,31-00-013_RKL,14,5,,SparePart 2.14.013 Hal 5,,,,,,,,,,
,,Platte plate,135.03.126.00,4,6,,SparePart 2.14.013 Hal 5,,,,,,,,,,
,,DISTANZWELLE-Gewinde beidseitig distance shaft,2.5002.0333,1,7,,SparePart 2.14.013 Hal 5,,,,,,,,,,
,,TRAVERSE,135.03.030.02,2,8,,SparePart 2.14.013 Hal 5,,,,,,,,,,
,,HALTER holder,135.03.077.00,2,9,,SparePart 2.14.013 Hal 5,,,,,,,,,,
,,Distanzwelle-Gewinde beidseitig distance shaft,2.5002.0319,1,10,,SparePart 2.14.013 Hal 5,,,,,,,,,,
,,LAGERBOCK bearing block,135.03.029.00,2,11,,SparePart 2.14.013 Hal 5,,,,,,,,,,
,,FLACHSTÜCK flat covering plate,135.03.026.00,2,12,,SparePart 2.14.013 Hal 5,,,,,,,,,,
,,UMLENKROLLE D25 L0615 deflecting roller,2.4005.0191,3,13,,SparePart 2.14.013 Hal 5,,,,,,,,,,
,,Schraube screw,186.03.039.00,14,14,,SparePart 2.14.013 Hal 5,,,,,,,,,,
,,Distanzbuchse D25 d10.5 L17.5 distance bushes,2.4000.0221,6,15,,SparePart 2.14.013 Hal 5,,,,,,,,,,
,,BOLZEN bolt,135.03.013.00,2,16,,SparePart 2.14.013 Hal 5,,,,,,,,,,
,,RKL d012D032B10 bearing,31-00-025,6,17,,SparePart 2.14.013 Hal 5,,,,,,,,,,
,,Rillenkugellager bearing,31-00-041,4,18,,SparePart 2.14.013 Hal 5,,,,,,,,,,
,,Umlenkrolle D25 L0615 deflecting roller,2.4005.0192,2,19,,SparePart 2.14.013 Hal 5,,,,,,,,,,
,,ACHSE axle,135.03.018.00,2,20,,SparePart 2.14.013 Hal 5,,,,,,,,,,
,,Stellring A12 D22 B12 adjustment ring,135.03.019.00,4,21,,SparePart 2.14.013 Hal 5,,,,,,,,,,
,,HALTER-INDU holder,135.03.078.01,2,22,,SparePart 2.14.013 Hal 5,,,,,,,,,,
,,Zahnrad M1.5 Z25 d12H9 VA spur gear,135.03.016.00,2,23,,SparePart 2.14.013 Hal 5,,,,,,,,,,
,,ACHSE axle,135.03.015.00,1,24,,SparePart 2.14.013 Hal 5,,,,,,,,,,
,,SCHEIBE washer,2.0127.0018,2,25,,SparePart 2.14.013 Hal 5,,,,,,,,,,
,,Sicherungsring A12 DIN 471 locker ring,31-00-697,6,26,,SparePart 2.14.013 Hal 5,,,,,,,,,,
,,Sechskantmutter M8 hexagonal nut,51-10-001,14,27,,SparePart 2.14.013 Hal 5,,,,,,,,,,
,,"U-Scheibe d8,4 A2 U-washer",52-10-001,14,28,,SparePart 2.14.013 Hal 5,,,,,,,,,,
,,HALTER holder,135.03.027.00,2,29,,SparePart 2.14.013 Hal 5,,,,,,,,,,
,,EXZENTER excenter,135.03.028.01,4,30,,SparePart 2.14.013 Hal 5,,,,,,,,,,
,,Rillenkugellager bearing,31-00-021_RKL,4,31,,SparePart 2.14.013 Hal 5,,,,,,,,,,
,,U-Scheibe U-washer,52-10-003,16,32,,SparePart 2.14.013 Hal 5,,,,,,,,,,
,,Rastbolzen d08x20 locking bolt,31-02-444,1,33,,SparePart 2.14.013 Hal 5,,,,,,,,,,
,,ABDECKPLATTE cover plate,135.03.022.00,2,34,,SparePart 2.14.013 Hal 5,,,,,,,,,,
,,Sechskantmutter M10 hexagonal nut,51-10-008,16,35,,SparePart 2.14.013 Hal 5,,,,,,,,,,
,,"ZAHNSTANGE Z25/M1,5 tooth bar",135.03.021.00,2,36,,SparePart 2.14.013 Hal 5,,,,,,,,,,
,,Linearkugellager 30/47/68 linear bearing,31-00-078,2,37,,SparePart 2.14.013 Hal 5,,,,,,,,,,
,,Welle mit Außengewinde shaft,2.5003.0022,6,38,,SparePart 2.14.013 Hal 5,,,,,,,,,,
,,Simmerring oil seal ring,31-00-101,4,39,,SparePart 2.14.013 Hal 5,,,,,,,,,,
,Rollenträger pneumatisch Film carrier,TRÄGER AUSSEN support exterior,135.03.002.01,1,1,,SparePart 2.14.013 Hal 6,,,,,,,,,,
,,TRÄGER-INNEN support inner,135.03.003.02,1,2,,SparePart 2.14.013 Hal 6,,,,,,,,,,
,,FLANSCH flange,135.03.004.00,1,3,,SparePart 2.14.013 Hal 6,,,,,,,,,,
,,FOLIENSPANNWELLE L0795 film shaft,2.4101.0001,1,4,,SparePart 2.14.013 Hal 6,,,,,,,,,,
,,BREMSSCHEIBE bracke disc,135.03.005.00,1,5,,SparePart 2.14.013 Hal 6,,,,,,,,,,
,,DISTANZWELLE D30 L700 distance shaft,2.5002.0296,2,6,,SparePart 2.14.013 Hal 6,,,,,,,,,,
,,Schrägkugellager 40/68x15 bearing,31-02-458,2,7,,SparePart 2.14.013 Hal 6,,,,,,,,,,
,,HALTER holder,135.03.006.02,1,8,,SparePart 2.14.013 Hal 6,,,,,,,,,,
,,Distanz distance,135.03.198.00,1,9,,SparePart 2.14.013 Hal 6,,,,,,,,,,
,,Näherungsschalter M12 induktiv prox switch,32-00-603,1,10,,SparePart 2.14.013 Hal 6,,,,,,,,,,
,,KLEMMHALTER terminal holder,186.13.036.00,1,11,,SparePart 2.14.013 Hal 6,,,,,,,,,,
,,KLEMMPLATTE clamping plate,186.13.037.00,2,12,,SparePart 2.14.013 Hal 6,,,,,,,,,,
,,Kompaktzylinder cylinder,30-00-308,1,13,,SparePart 2.14.013 Hal 6,,,,,,,,,,
,,KLEMMHALTER terminal holder,186.13.038.01,1,14,,SparePart 2.14.013 Hal 6,,,,,,,,,,
,,DISTANZRING distance ring,135.03.085.01,1,15,,SparePart 2.14.013 Hal 6,,,,,,,,,,
,,"Distanzbuchse D12-d5,5-L9 distance bushing",2.4000.0215,2,16,,SparePart 2.14.013 Hal 6,,,,,,,,,,
,,Rollenventil 5/2 Wege valve,30-10-1987,1,17,,SparePart 2.14.013 Hal 6,,,,,,,,,,
,,U-Scheibe U-washer,52-10-003,4,18,,SparePart 2.14.013 Hal 6,,,,,,,,,,
,,Sechskantschraube M10x30 A2 hexagon screw,50-10-182,2,19,,SparePart 2.14.013 Hal 6,,,,,,,,,,
,,Zylinderschraube M6x30 VA cylinder screw,50-10-040,2,20,,SparePart 2.14.013 Hal 6,,,,,,,,,,
,,Sechskantschraube M10x60 hexagon screw,50-10-106,2,21,,SparePart 2.14.013 Hal 6,,,,,,,,,,
,,Zylinderschraube M8x30 VA cylinder screw,50-10-061,4,22,,SparePart 2.14.013 Hal 6,,,,,,,,,,
,,Gewindestift M08x16 screwed pin,50-10-002,2,23,,SparePart 2.14.013 Hal 6,,,,,,,,,,
,,"U-Scheibe d8,4 A2 U-washer",52-10-001,1,24,,SparePart 2.14.013 Hal 6,,,,,,,,,,
,,Sechskantschraube M8x60 hexagon screw,50-10-103,1,25,,SparePart 2.14.013 Hal 6,,,,,,,,,,
,,Sechskantschraube M5x16 hexagon screw,50-10-091,2,26,,SparePart 2.14.013 Hal 6,,,,,,,,,,
,,Gurtband B=18mm belt strap,31-01-964(3.135.03.002.04),1,27,,SparePart 2.14.013 Hal 6,,,,,,,,,,
,,Zylinderschraube M05x40 A2 cylinder screw,50-10-147,2,28,,SparePart 2.14.013 Hal 6,,,,,,,,,,
,,Halter holder,135.03.199.00,1,29,,SparePart 2.14.013 Hal 6,,,,,,,,,,
,,Sechskantschraube M5x55 A2 hexagon screw,50-10-270,2,30,,SparePart 2.14.013 Hal 6,,,,,,,,,,
,,"U-SCHEIBE 5,3 U-washer",52-10-004,2,31,,SparePart 2.14.013 Hal 6,,,,,,,,,,
,Einrichtschwinge Adjustment oscilator,PLATTE plate,135.03.034.01,2,1,,SparePart 2.14.013 Hal 7,,,,,,,,,,
,,ROHR tube,135.03.042.00,1,2,,SparePart 2.14.013 Hal 7,,,,,,,,,,
,,Stellring A 30 DIN 705 adjustment ring,31-00-171,1,3,,SparePart 2.14.013 Hal 7,,,,,,,,,,
,,DISTANZWELLE-Gewinde beidseitig Distance shaft,2.5002.0302,1,4,,SparePart 2.14.013 Hal 7,,,,,,,,,,
,,ACHSE axis,135.03.046.01,1,5,,SparePart 2.14.013 Hal 7,,,,,,,,,,
,,Zahnrad M1.5 Z25 d12H9 VA spur gear,135.03.016.00,2,6,,SparePart 2.14.013 Hal 7,,,,,,,,,,
,,Klemmhebel M6x32 verst. clamp lever,31-02-575,1,7,,SparePart 2.14.013 Hal 7,,,,,,,,,,
,,Zustellrad d08 D60 gear wheel,31-02-257,1,8,,SparePart 2.14.013 Hal 7,,,,,,,,,,
,,Schwenkarm swivwl arm,135.03.036.03,2,9,,SparePart 2.14.013 Hal 7,,,,,,,,,,
,,STANGE rod,135.03.043.00,1,10,,SparePart 2.14.013 Hal 7,,,,,,,,,,
,,"Anlaufscheibe D24 d12 L1,5 attempt washer",31-02-448,5,11,,SparePart 2.14.013 Hal 7,,,,,,,,,,
,,"Gleitlager,Iglidur sliding bearing",31-01-935,2,12,,SparePart 2.14.013 Hal 7,,,,,,,,,,
,,DISTANZWELLE-Gewinde beidseitig distance shaft,2.5002.0301,1,13,,SparePart 2.14.013 Hal 7,,,,,,,,,,
,,Gleitlager Iglidur 25x28x15 sliding bearing,31-02-461,2,14,,SparePart 2.14.013 Hal 7,,,,,,,,,,
,,Vorlegescheibe D40 countershaft pulley,31-02-462,2,15,,SparePart 2.14.013 Hal 7,,,,,,,,,,
,,Scheibe washer,2.0125.0083,1,16,,SparePart 2.14.013 Hal 7,,,,,,,,,,
,,"Klemmhebel,verstellbar clamping lever",31-02-465,1,17,,SparePart 2.14.013 Hal 7,,,,,,,,,,
,,Klemmstange clamping bar,135.03.040.00,1,18,,SparePart 2.14.013 Hal 7,,,,,,,,,,
,,Stellring A 12 DIN 705 adjustment ring,31-00-167,1,19,,SparePart 2.14.013 Hal 7,,,,,,,,,,
,,Gelenkkopf Innen M12 joint ball,31-02-464,1,20,,SparePart 2.14.013 Hal 7,,,,,,,,,,
,,Sechskantmutter M12 hexagonal nut,51-10-009,2,21,,SparePart 2.14.013 Hal 7,,,,,,,,,,
,,HEBEL B040 t030 L0122 lever,135.03.039.00,1,22,,SparePart 2.14.013 Hal 7,,,,,,,,,,
,,Führungsbuchse guide brocket,135.03.044.01,2,23,,SparePart 2.14.013 Hal 7,,,,,,,,,,
,,Sechskantschraube M12x40 hexagon screw,50-10-112,1,24,,SparePart 2.14.013 Hal 7,,,,,,,,,,
,,U-SCHEIBE U-washer,52-10-007,1,25,,SparePart 2.14.013 Hal 7,,,,,,,,,,
,,Zahnstange tooth bar,135.03.048.00,2,26,,SparePart 2.14.013 Hal 7,,,,,,,,,,
,,"Anlaufscheibe D26 d44 L1,5 attempt washer",31-02-463,4,27,,SparePart 2.14.013 Hal 7,,,,,,,,,,
,,defleckting roller,Umlenkrolle_02(3.135.03.005.02),3,28,,SparePart 2.14.013 Hal 7,,,,,,,,,,
,,defleckting roller,Umlenkrolle_02(3.135.03.005.02),1,29,,SparePart 2.14.013 Hal 7,,,,,,,,,,
,,defleckting roller,Umlenkrolle_02(3.135.03.005.02),2,30,,SparePart 2.14.013 Hal 7,,,,,,,,,,
,Rollenträgerverstellung Film carrier adjustment,PLATTE plate,135.03.191.00,1,1,,SparePart 2.14.013 Hal 8,,,,,,,,,,
,,LAGERBOCK bearing block,135.03.066.00,1,2,,SparePart 2.14.013 Hal 8,,,,,,,,,,
,,SPINDEL spindle,135.03.192.00,1,3,,SparePart 2.14.013 Hal 8,,,,,,,,,,
,,Schrägkugellager 2-reihig bearing,31-02-451,1,4,,SparePart 2.14.013 Hal 8,,,,,,,,,,
,,Sicherungsring f.Bohrungen locker ring,31-02-238,2,5,,SparePart 2.14.013 Hal 8,,,,,,,,,,
,,Gewindestift M05x8 A2 screwed pin,50-10-261,2,6,,SparePart 2.14.013 Hal 8,,,,,,,,,,
,,MUTTER nut,135.03.069.00,1,7,,SparePart 2.14.013 Hal 8,,,,,,,,,,
,,HALTER holder,135.03.070.00,2,8,,SparePart 2.14.013 Hal 8,,,,,,,,,,
,,Näherungsschalter M12 induktiv prox switch,32-00-603,2,9,,SparePart 2.14.013 Hal 8,,,,,,,,,,
,,DISTANZBUCHSE distance bushes,2.4003.0001,1,10,,SparePart 2.14.013 Hal 8,,,,,,,,,,
,,Radialkugellager d006D019B06 bearing,31-00-013_RKL,1,11,,SparePart 2.14.013 Hal 8,,,,,,,,,,
,,Zylinderschraube M06x25 cylinder screw,50-10-004,1,12,,SparePart 2.14.013 Hal 8,,,,,,,,,,
,,GABEL brascet,135.03.072.00,1,13,,SparePart 2.14.013 Hal 8,,,,,,,,,,
,,BOLZEN bolt,135.03.073.00,1,14,,SparePart 2.14.013 Hal 8,,,,,,,,,,
,,GLEITPLATTE sliding plate,135.03.075.00,1,15,,SparePart 2.14.013 Hal 8,,,,,,,,,,
,,KLEMMHALTER terminal holder,135.03.076.00,1,16,,SparePart 2.14.013 Hal 8,,,,,,,,,,
,,"U-SCHEIBE 5,3 U-washer",52-10-004,8,17,,SparePart 2.14.013 Hal 8,,,,,,,,,,
,,Zylinderschraube M05x16 cylinder screw,50-10-038,4,18,,SparePart 2.14.013 Hal 8,,,,,,,,,,
,,Zylinderschraube M05x20xA2 cylinder screw,50-10-057,4,19,,SparePart 2.14.013 Hal 8,,,,,,,,,,
,,"U-Scheibe d8,4 A2 U-washer",52-10-001,8,20,,SparePart 2.14.013 Hal 8,,,,,,,,,,
,,Sechskantschraube M8x25 hexagon screw,50-10-067,2,21,,SparePart 2.14.013 Hal 8,,,,,,,,,,
,,Zylinderschraube M6x12 A2 cylinder screw,50-10-032,1,22,,SparePart 2.14.013 Hal 8,,,,,,,,,,
,,"U-Scheibe d06,4 A2- groß U-washer",52-10-006,1,23,,SparePart 2.14.013 Hal 8,,,,,,,,,,
,,Sechskantschraube M8x40 hexagon screw,50-10-001,5,24,,SparePart 2.14.013 Hal 8,,,,,,,,,,
,,ABDECKPLATTE vover plate,135.03.074.00,1,25,,SparePart 2.14.013 Hal 8,,,,,,,,,,
,,Gleichstromgetriebemotor motor,34-00-673,1,26,,SparePart 2.14.013 Hal 8,,,,,,,,,,
,Backenträger Jaw support,BACKENTRÄGER-HINTEN jaw support back,135.04.001.02,1,1,,SparePart 2.14.013 Hal 9,,,,,,,,,,
,,Klotz f. Stechmesserzylinder block,135.04.003.01,1,2,,SparePart 2.14.013 Hal 9,,,,,,,,,,
,,BACKENTRÄGER-VORNE jaw supprt front,135.04.002.01,1,3,,SparePart 2.14.013 Hal 9,,,,,,,,,,
,,ISO-PLATTE STIRN ISO-plate,135.04.020.01,2,4,,SparePart 2.14.013 Hal 9,,,,,,,,,,
,,ISO-PLATTE STIRN ISO-plate,135.04.021.01,2,5,,SparePart 2.14.013 Hal 9,,,,,,,,,,
,,KLEMMENKASTEN clamping housing,135.04.022.01,2,6,,SparePart 2.14.013 Hal 9,,,,,,,,,,
,,DECKEL cover,135.04.023.01,2,7,,SparePart 2.14.013 Hal 9,,,,,,,,,,
,,ISO_PLATTE HINTEN ISO-plate back,135.04.004.01,1,8,,SparePart 2.14.013 Hal 9,,,,,,,,,,
,,Kurzhubzylinder cylinder,30-00-122,1,9,,SparePart 2.14.013 Hal 9,,,,,,,,,,
,,ISO-PLATTE VORNE ISO-plate front,135.04.005.01,1,10,,SparePart 2.14.013 Hal 9,,,,,,,,,,
,,Verschlußschraube locking screw,32-01-351,2,11,,SparePart 2.14.013 Hal 9,,,,,,,,,,
,,"Kabelverschraubung M20x1,5 MS cable union",32-01-353,2,12,,SparePart 2.14.013 Hal 9,,,,,,,,,,
,KÜHLUNG Cooling,KÜHLLEISTE air - jet,135.04.024.02,2,1,,SparePart 2.14.013 Hal 10,,,,,,,,,,
,,"U-Scheibe 6,4 U-washer",52-10-002,8,2,,SparePart 2.14.013 Hal 10,,,,,,,,,,
,,Sechskantschraube M06x25 hexagon screw,50-10-062,8,3,,SparePart 2.14.013 Hal 10,,,,,,,,,,
,,DECKBLECH cover,135.04.025.01,2,4,,SparePart 2.14.013 Hal 10,,,,,,,,,,
,,Gewindestift M06x8 A2 screwed pin,50-10-169,4,5,,SparePart 2.14.013 Hal 10,,,,,,,,,,
,,"Verschlussstopfen R1/8"" locking screw",30-50-179,2,6,,SparePart 2.14.013 Hal 10,,,,,,,,,,
,,"Steckverschraubung G1/8"" plug connection",30-20-159,2,7,,SparePart 2.14.013 Hal 10,,,,,,,,,,
,,Senkschraube M04x06 A2 countersunk screw,50-10-117,10,8,,SparePart 2.14.013 Hal 10,,,,,,,,,,
,,Senkschraube M4x10 hexagon screw,50-10-016,10,9,,SparePart 2.14.013 Hal 10,,,,,,,,,,
,FOTOZELLENVERSTELLUNG Photocell shifter,HALTER-FOTOZELLE holder,135.05.002.00,1,1,,SparePart 2.14.013 Hal 11,,,,,,,,,,
,,Welle D20 L650 shaft,2.5002.0022,1,2,,SparePart 2.14.013 Hal 11,,,,,,,,,,
,,Gewindespindel TR12x3 threadet spindle,135.05.003.01,1,3,,SparePart 2.14.013 Hal 11,,,,,,,,,,
,,LAGERRING bearing ring,135.05.004.00,2,4,,SparePart 2.14.013 Hal 11,,,,,,,,,,
,,Gleitlager Iglidur 20x23x15 bearing,31-01-688,2,5,,SparePart 2.14.013 Hal 11,,,,,,,,,,
,,Zustellrad d08 D60 hand wheel,31-02-257,1,6,,SparePart 2.14.013 Hal 11,,,,,,,,,,
,,WINKEL angle,135.05.005.00,2,7,,SparePart 2.14.013 Hal 11,,,,,,,,,,
,,BLECH sheet,135.05.006.00,2,8,,SparePart 2.14.013 Hal 11,,,,,,,,,,
,,BLECH sheet,135.05.007.00,1,9,,SparePart 2.14.013 Hal 11,,,,,,,,,,
,,Sechskantschraube M6x12 A2 hexagon screw,50-10-094,4,10,,SparePart 2.14.013 Hal 11,,,,,,,,,,
,,"U-Scheibe 6,4 U-washer",52-10-002,8,11,,SparePart 2.14.013 Hal 11,,,,,,,,,,
,,Fotozelle DK21 photocell,32-00-721,1,12,,SparePart 2.14.013 Hal 11,,,,,,,,,,
,,Sechskantschraube M5x40 hexagon screw,50-10-265,2,13,,SparePart 2.14.013 Hal 11,,,,,,,,,,
,,Sechskantschraube M8x30 hexagon screw,50-10-081,2,14,,SparePart 2.14.013 Hal 11,,,,,,,,,,
,,"U-Scheibe d8,4 A2 U-washer",52-10-001,2,15,,SparePart 2.14.013 Hal 11,,,,,,,,,,
,,"Anlaufscheibe D26 d14 L1,5 attempt washer",31-02-480,2,16,,SparePart 2.14.013 Hal 11,,,,,,,,,,
,,"Gleitlager,Iglidur G 13x15x15 sliding bearing",31-02-479,2,17,,SparePart 2.14.013 Hal 11,,,,,,,,,,
,,Zylinderschraube M06x20 cylinder screw,50-10-018,4,18,,SparePart 2.14.013 Hal 11,,,,,,,,,,
,,Gewindestift M06x8 A2 screwed pin,50-10-179,2,19,,SparePart 2.14.013 Hal 11,,,,,,,,,,
,,"U-SCHEIBE 5,3 U-washer",52-10-004,2,20,,SparePart 2.14.013 Hal 11,,,,,,,,,,
,,Stellungsanzeiger Elesa rechts display,31-01-954,1,21,,SparePart 2.14.013 Hal 11,,,,,,,,,,
,,Reduzierhülse distance ring,31-02-138,1,22,,SparePart 2.14.013 Hal 11,,,,,,,,,,
,,HALTER-SIKO holder,135.05.008.00,1,23,,SparePart 2.14.013 Hal 11,,,,,,,,,,
,Antrieb Backenstock Drive sealing station,Profilschiene HGH25CA rail,31-02-406_Schiene,2,1,,SparePart 2.14.013 Hal 12,,,,,,,,,,
,,Laufwagen HGH-CA running carriage,31-02-406_Wagen,4,2,,SparePart 2.14.013 Hal 12,,,,,,,,,,
,,TRÄGER support,135.06.001.00,1,3,,SparePart 2.14.013 Hal 12,,,,,,,,,,
,,Führungsbuchse - kurz guide bracket,135.06.011.01,2,4,,SparePart 2.14.013 Hal 12,,,,,,,,,,
,,Führungsbuchse - lang guide bracket,135.06.020.01,2,5,,SparePart 2.14.013 Hal 12,,,,,,,,,,
,,HALTER holder,135.06.022.01,2,6,,SparePart 2.14.013 Hal 12,,,,,,,,,,
,,Abschlußplatte plate,135.06.003.00,1,7,,SparePart 2.14.013 Hal 12,,,,,,,,,,
,,Platte plate,135.06.002.00,2,8,,SparePart 2.14.013 Hal 12,,,,,,,,,,
,,Führungsbuchse - innen guide bracket,135.06.019.00,2,9,,SparePart 2.14.013 Hal 12,,,,,,,,,,
,,Zugstange tension rod,135.06.016.00,2,10,,SparePart 2.14.013 Hal 12,,,,,,,,,,
,,QUERTRÄGER support,135.06.015.02,1,11,,SparePart 2.14.013 Hal 12,,,,,,,,,,
,,Einstellhülse bushing,135.06.021.00,2,12,,SparePart 2.14.013 Hal 12,,,,,,,,,,
,,Druckstange push rod,135.06.010.00,2,13,,SparePart 2.14.013 Hal 12,,,,,,,,,,
,,ANSCHLUSS connection,135.06.009.00,2,14,,SparePart 2.14.013 Hal 12,,,,,,,,,,
,,Lagerbock bearing block,135.06.025.02,1,15,,SparePart 2.14.013 Hal 12,,,,,,,,,,
,,Koppel couple,135.06.008.01,4,16,,SparePart 2.14.013 Hal 12,,,,,,,,,,
,,Antriebskurbel Laserzuschnitt drive crank,135.06.053.00,4,17,,SparePart 2.14.013 Hal 12,,,,,,,,,,
,,Bolzen bolt,135.06.054.00,2,18,,SparePart 2.14.013 Hal 12,,,,,,,,,,
,,Lasche buttstrap,135.06.005.00,13,19,,SparePart 2.14.013 Hal 12,,,,,,,,,,
,,Gewindestab threadet rod,2.5500.0053,4,20,,SparePart 2.14.013 Hal 12,,,,,,,,,,
,,Kugelbuchse 25/40x58 bushes,31-02-276,10,21,,SparePart 2.14.013 Hal 12,,,,,,,,,,
,,Nadelhülse HK1622 needle bush,31-02-407,8,22,,SparePart 2.14.013 Hal 12,,,,,,,,,,
,,Distansbuchse distance bushing,2.4000.0226,6,23,,SparePart 2.14.013 Hal 12,,,,,,,,,,
,,Abstreifring m.Metallmantel stripper ring,31-00-066,8,24,,SparePart 2.14.013 Hal 12,,,,,,,,,,
,,Schmiernippel M6 gerade nipple,31-00-499,8,25,,SparePart 2.14.013 Hal 12,,,,,,,,,,
,,U-Scheibe U-washer,52-10-003,8,26,,SparePart 2.14.013 Hal 12,,,,,,,,,,
,,SCHEIBE washer,2.0127.0020,8,27,,SparePart 2.14.013 Hal 12,,,,,,,,,,
,,"Anlaufscheibe D30 d16 L1,5 attempt washer",31-02-183,16,28,,SparePart 2.14.013 Hal 12,,,,,,,,,,
,,Sechskantmutter M10 hexagonal nut,51-10-008,8,29,,SparePart 2.14.013 Hal 12,,,,,,,,,,
,,Lagerbolzen bearing bolt,135.06.006.00,8,30,,SparePart 2.14.013 Hal 12,,,,,,,,,,
,,Lagerbolzen bearing bolt,135.06.026.00,1,31,,SparePart 2.14.013 Hal 12,,,,,,,,,,
,,Antriebswelle drive shaft,135.06.044.00,1,32,,SparePart 2.14.013 Hal 12,,,,,,,,,,
,,Anschluß connection,135.06.014.00,2,33,,SparePart 2.14.013 Hal 12,,,,,,,,,,
,,Sicherungsring locker ring,31-01.074,11,34,,SparePart 2.14.013 Hal 12,,,,,,,,,,
,,Rohr(Distanzring) tube,135.06.012.00,2,35,,SparePart 2.14.013 Hal 12,,,,,,,,,,
,,FEDERBOLZEN spring bolt,135.06.023.00,4,36,,SparePart 2.14.013 Hal 12,,,,,,,,,,
,,ZUGFEDER tension spring,135.06.036.00,2,37,,SparePart 2.14.013 Hal 12,,,,,,,,,,
,,Rillenkugellager 6004 2RS bearing,31-00-034,2,38,,SparePart 2.14.013 Hal 12,,,,,,,,,,
,,Umlenkrad deflection pulley,135.06.027.00,1,39,,SparePart 2.14.013 Hal 12,,,,,,,,,,
,,"Paßscheibe 20x28x1,5 space washer",31-02-596,2,40,,SparePart 2.14.013 Hal 12,,,,,,,,,,
,,"Sicherungsring 42x1,75 VA locker ring",31-00-701,2,41,,SparePart 2.14.013 Hal 12,,,,,,,,,,
,,SCHEIBE washer,2.0127.0017,1,42,,SparePart 2.14.013 Hal 12,,,,,,,,,,
,,SCHEIBE washer,135.06.017.00,2,43,,SparePart 2.14.013 Hal 12,,,,,,,,,,
,,"Gleitlager Iglidur, m.Bund sliding bearing",31-02-419,4,44,,SparePart 2.14.013 Hal 12,,,,,,,,,,
,,"Tellerfeder 50x20,4x2,5 disc spring",31-02-701,6,45,,SparePart 2.14.013 Hal 12,,,,,,,,,,
,,"Stellmutter MSR 20x1,5 adjustment nut",31-02-585,2,46,,SparePart 2.14.013 Hal 12,,,,,,,,,,
,,WINKEL L025 L025 t005 angle,135.06.007.00,1,47,,SparePart 2.14.013 Hal 12,,,,,,,,,,
,,"Näherungsschalter, induktiv M8x1 prox switch",32-01-954,1,48,,SparePart 2.14.013 Hal 12,,,,,,,,,,
,,Spannsatz COM B D20/28 bushing,31-02-577,2,49,,SparePart 2.14.013 Hal 12,,,,,,,,,,
,,ABDECKPLATTE cover plate,135.06.037.00,2,50,,SparePart 2.14.013 Hal 12,,,,,,,,,,
,,Leiste ledge,135.06.030.00,1,51,,SparePart 2.14.013 Hal 12,,,,,,,,,,
,,Motorplatte motor plate,135.06.031.00,1,52,,SparePart 2.14.013 Hal 12,,,,,,,,,,
,,Lasche buttstrap,135.06.032.00,1,53,,SparePart 2.14.013 Hal 12,,,,,,,,,,
,,Welle shaft,135.06.033.00,1,54,,SparePart 2.14.013 Hal 12,,,,,,,,,,
,,Antriebsrad drive pulley,135.06.034.00,1,55,,SparePart 2.14.013 Hal 12,,,,,,,,,,
,,Rillenkugellager 6208 2RS bearing,31-02-417,1,56,,SparePart 2.14.013 Hal 12,,,,,,,,,,
,,Spannsatz KTR 250 bushing,31-00-404,1,57,,SparePart 2.14.013 Hal 12,,,,,,,,,,
,,Nutenstein M12x14 sliding block,31-00-168,2,58,,SparePart 2.14.013 Hal 12,,,,,,,,,,
,,ANSCHLAG stopper,135.06.035.00,2,59,,SparePart 2.14.013 Hal 12,,,,,,,,,,
,,Anschlagpuffer D40xH20 stopper bumber,31-02-424,2,60,,SparePart 2.14.013 Hal 12,,,,,,,,,,
,,Anschlußplatte connection plate,135.06.028.00,1,61,,SparePart 2.14.013 Hal 12,,,,,,,,,,
,,KLEMMVERBINDER clamping binder,135.06.029.00,1,62,,SparePart 2.14.013 Hal 12,,,,,,,,,,
,,Zahnriemen Br.50/Lg.1320 timing belt,31-02-422(3.133.06.001.02),1,63,,SparePart 2.14.013 Hal 12,,,,,,,,,,
,,SCHEIBE washer,2.0125.0081,2,64,,SparePart 2.14.013 Hal 12,,,,,,,,,,
,,Hutmutter M12 low cap nut,51-10-023,2,65,,SparePart 2.14.013 Hal 12,,,,,,,,,,
,,Halter holder,185.06.028.00,2,66,,SparePart 2.14.013 Hal 12,,,,,,,,,,
,,Leiste ledge,185.06.029.00,1,67,,SparePart 2.14.013 Hal 12,,,,,,,,,,
,,"O-Ring 57,15x3,53 O-sealing",31-02-492,4,68,,SparePart 2.14.013 Hal 12,,,,,,,,,,
,,Deckplatte cover plate,133.06.002.00,4,69,,SparePart 2.14.013 Hal 12,,,,,,,,,,
,,Sensorhalter L125 sensor fixing,135.06.061.00,1,70,,SparePart 2.14.013 Hal 12,,,,,,,,,,
,,Paßfeder 12x8x80 feather key,31-02-595,1,71,,SparePart 2.14.013 Hal 12,,,,,,,,,,
,,Scheibe washer,135.06.050.01,2,72,,SparePart 2.14.013 Hal 12,,,,,,,,,,
,,Schraubendruckfeder pressure spring,31-02-687,2,73,,SparePart 2.14.013 Hal 12,,,,,,,,,,
,,SCHEIBE washer,2.0127.0016,1,74,,SparePart 2.14.013 Hal 12,,,,,,,,,,
,ANTRIEB HORIZONTAL Hhorizontal drive,MOTORFLANSCH motor flange,135.06.042.00,1,1,,SparePart 2.14.013 Hal 13,,,,,,,,,,
,,0.0 cylinder screw,50-10-050,4,2,,SparePart 2.14.013 Hal 13,,,,,,,,,,
,,"E-Servo-Schneckengetriebe 14,5 gear box",34-00-428,1,3,,SparePart 2.14.013 Hal 13,,,,,,,,,,
,,Schrumpfscheibe D30/25 washer,31-02-576,2,4,,SparePart 2.14.013 Hal 13,,,,,,,,,,
,,Synchronmotor U=4500 motor,34-00-430,1,5,,SparePart 2.14.013 Hal 13,,,,,,,,,,
,,Zylinderschraube M05x20xA2 cylinder screw,50-10-057,4,6,,SparePart 2.14.013 Hal 13,,,,,,,,,,
,,Spezialkupplung clutch,31-02-436,1,7,,SparePart 2.14.013 Hal 13,,,,,,,,,,
,,"U-SCHEIBE 5,3 U-washer",52-10-004,4,8,,SparePart 2.14.013 Hal 13,,,,,,,,,,
,Antrieb Vertikal Drive vertical,"E-Servo-Schneckengetriebe 14,5 gear box",34-00-428,1,1,,SparePart 2.14.013 Hal 14,,,,,,,,,,
,,Motorflansch TK100 D80 motor flange,31-02-986,1,2,,SparePart 2.14.013 Hal 14,,,,,,,,,,
,,Schrumpfscheibe D30/25 shrunk washer,31-02-576,2,3,,SparePart 2.14.013 Hal 14,,,,,,,,,,
,,Synchron-Servomotor motor,34-00-671,1,4,,SparePart 2.14.013 Hal 14,,,,,,,,,,
,,Zylinderschraube M06x20 cylinder screw,50-10-018,4,5,,SparePart 2.14.013 Hal 14,,,,,,,,,,
,,Spezialkupplung clutch,31-02-437,1,6,,SparePart 2.14.013 Hal 14,,,,,,,,,,
,,Zylinderschraube M8x100 VA cylinder screw,50-10-223,4,7,,SparePart 2.14.013 Hal 14,,,,,,,,,,
,,Zylinderschraube M8x30 VA cylinder screw,50-10-061,4,8,,SparePart 2.14.013 Hal 14,,,,,,,,,,
,Vertical sealing support,Schwenkarm,135.07.003.01,1,1,,SparePart 2.14.013 Hal 15,,,,,,,,,,
,,fixed bearing,135.07.004.01,1,2,,SparePart 2.14.013 Hal 15,,,,,,,,,,
,,loose bearing,135.07.005.01,1,3,,SparePart 2.14.013 Hal 15,,,,,,,,,,
,,bolt,135.07.006.00,1,4,,SparePart 2.14.013 Hal 15,,,,,,,,,,
,,stopper,135.07.007.00,1,5,,SparePart 2.14.013 Hal 15,,,,,,,,,,
,,butt strap,135.07.008.00,1,6,,SparePart 2.14.013 Hal 15,,,,,,,,,,
,,plate,135.07.011.01,1,7,,SparePart 2.14.013 Hal 15,,,,,,,,,,
,,flange,135.07.013.01,1,8,,SparePart 2.14.013 Hal 15,,,,,,,,,,
,,bearing 10/26x12,31-02-409,1,9,,SparePart 2.14.013 Hal 15,,,,,,,,,,
,,plate,135.07.020.01,1,10,,SparePart 2.14.013 Hal 15,,,,,,,,,,
,,adjustment nut,135.07.016.01,1,11,,SparePart 2.14.013 Hal 15,,,,,,,,,,
,,spindle,135.07.014.01,1,12,,SparePart 2.14.013 Hal 15,,,,,,,,,,
,,carriage,135.07.018.01,1,13,,SparePart 2.14.013 Hal 15,,,,,,,,,,
,,holder,135.07.010.01,1,14,,SparePart 2.14.013 Hal 15,,,,,,,,,,
,,holder,135.07.023.01,1,15,,SparePart 2.14.013 Hal 15,,,,,,,,,,
,,shaft,135.07.022.01,2,16,,SparePart 2.14.013 Hal 15,,,,,,,,,,
,,bolt,135.07.027.00,1,17,,SparePart 2.14.013 Hal 15,,,,,,,,,,
,,plate,135.07.041.01,1,18,,SparePart 2.14.013 Hal 15,,,,,,,,,,
,,locker ring A25,31-00-940,1,19,,SparePart 2.14.013 Hal 15,,,,,,,,,,
,,adapter,135.07.033.01,1,20,,SparePart 2.14.013 Hal 15,,,,,,,,,,
,,holder,135.07.019.01,1,21,,SparePart 2.14.013 Hal 15,,,,,,,,,,
,,cylinder,30-00-355,1,22,,SparePart 2.14.013 Hal 15,,,,,,,,,,
,,bar,135.07.036.01,2,23,,SparePart 2.14.013 Hal 15,,,,,,,,,,
,,"clamping lever M8x40,VA",31-02-579,2,24,,SparePart 2.14.013 Hal 15,,,,,,,,,,
,,locking bolt,31-02-427,1,25,,SparePart 2.14.013 Hal 15,,,,,,,,,,
,,star knob B8x40,31-00-235,1,26,,SparePart 2.14.013 Hal 15,,,,,,,,,,
,,positions indicator,31-02-471,1,27,,SparePart 2.14.013 Hal 15,,,,,,,,,,
,, reil,135.07.038.01_Schiene,1,28,,SparePart 2.14.013 Hal 15,,,,,,,,,,
,,carriage,135.07.038.01_Wagen,1,29,,SparePart 2.14.013 Hal 15,,,,,,,,,,
,,adjustment ring,31-02-426,1,30,,SparePart 2.14.013 Hal 15,,,,,,,,,,
,,bushes 20x25x16,31-00-004,2,31,,SparePart 2.14.013 Hal 15,,,,,,,,,,
,,"attempt washer D20 d36 L1,5",31-01-903,2,32,,SparePart 2.14.013 Hal 15,,,,,,,,,,
,,screw-down plate,135.07.035.01,2,33,,SparePart 2.14.013 Hal 15,,,,,,,,,,
,,bushes 14x8/20,31-01-951,1,34,,SparePart 2.14.013 Hal 15,,,,,,,,,,
,,"disc spring 20x10,2x0,4",31-02-581,4,35,,SparePart 2.14.013 Hal 15,,,,,,,,,,
,,"pressure spring d1,0 DM13 Lo24,0",31-02-580,1,36,,SparePart 2.14.013 Hal 15,,,,,,,,,,
,,attemt washer D25,31-01-936,1,37,,SparePart 2.14.013 Hal 15,,,,,,,,,,
,,feather key,135.07.037.01,4,38,,SparePart 2.14.013 Hal 15,,,,,,,,,,
,,"distance bushes D22 L035,5 d16",2.4000.0225,2,39,,SparePart 2.14.013 Hal 15,,,,,,,,,,
,,bushes 12/22/32,31-02-410,4,40,,SparePart 2.14.013 Hal 15,,,,,,,,,,
,Vertical jaw,vertical sealing jaw L=310 VA,2.0320.0002,1,1,,SparePart 2.14.013 Hal 16,,,,,,,,,,
,,distance plate,135.07.097.00,2,2,,SparePart 2.14.013 Hal 16,,,,,,,,,,
,,terminal box,135.07.030.01,1,3,,SparePart 2.14.013 Hal 16,,,,,,,,,,
,,cover,135.07.031.01,1,4,,SparePart 2.14.013 Hal 16,,,,,,,,,,
,,ISO-bushes AD032 D018 d012 L014,135.07.026.01,2,5,,SparePart 2.14.013 Hal 16,,,,,,,,,,
,,axle,135.07.025.00,1,6,,SparePart 2.14.013 Hal 16,,,,,,,,,,
,,sheet,135.07.039.01,1,7,,SparePart 2.14.013 Hal 16,,,,,,,,,,
,,hexagon screw M6x16 A2,50-10-126,8,8,,SparePart 2.14.013 Hal 16,,,,,,,,,,
,,temp. feeler,32-00-673,1,9,,SparePart 2.14.013 Hal 16,,,,,,,,,,
,,"U-washer d04,3","52-10-009_U-Scheibed04,3",6,10,,SparePart 2.14.013 Hal 16,,,,,,,,,,
,,hexagon screw M4x10 ,50-10-087_M4x10,6,11,,SparePart 2.14.013 Hal 16,,,,,,,,,,
,,heatpipe Lg.300,32-02-432,1,12,,SparePart 2.14.013 Hal 16,,,,,,,,,,
,,"cable union M20x1,5",32-01-353,1,13,,SparePart 2.14.013 Hal 16,,,,,,,,,,
,,cylinder screw M06x20,50-10-018,1,14,,SparePart 2.14.013 Hal 16,,,,,,,,,,
,,retaining ledge,135.07.098.00,2,15,,SparePart 2.14.013 Hal 16,,,,,,,,,,
,,jaw cover right,135.07.099.00,1,16,,SparePart 2.14.013 Hal 16,,,,,,,,,,
,,jaw cover left,135.07.100.00,1,17,,SparePart 2.14.013 Hal 16,,,,,,,,,,
,,hexagon screw 6x20,50-10-010,4,18,,SparePart 2.14.013 Hal 16,,,,,,,,,,
,,"U-washer 6,4",52-10-002,4,19,,SparePart 2.14.013 Hal 16,,,,,,,,,,
,Holder for forming set,plate,135.10.002.01,2,1,,SparePart 2.14.013 Hal 17,,,,,,,,,,
,,distance bar,2.5054.0090,2,2,,SparePart 2.14.013 Hal 17,,,,,,,,,,
,,sheet,186.10.101.00,2,3,,SparePart 2.14.013 Hal 17,,,,,,,,,,
,,bolt,186.10.102.00,2,4,,SparePart 2.14.013 Hal 17,,,,,,,,,,
,,countersunk screw M05x12 A2,50-10-122,4,5,,SparePart 2.14.013 Hal 17,,,,,,,,,,
,,U-washer,52-10-003,2,6,,SparePart 2.14.013 Hal 17,,,,,,,,,,
,,hexagon screw  M10x40 A2,50-10-105,2,7,,SparePart 2.14.013 Hal 17,,,,,,,,,,
,,cylinder screw M10x25,50-10-021,2,8,,SparePart 2.14.013 Hal 17,,,,,,,,,,
,,U-washer A2,52-10-020,2,9,,SparePart 2.14.013 Hal 17,,,,,,,,,,
,,low cap nut M16 A2,51-10-013,2,10,,SparePart 2.14.013 Hal 17,,,,,,,,,,
,Film draw-down,frame,135.11.001.01,2,1,,SparePart 2.14.013 Hal 18,,,,,,,,,,
,,shaft D020 L457.5,135.11.018.01,2,2,,SparePart 2.14.013 Hal 18,,,,,,,,,,
,,tube D050 L349.8,135.11.019.01,2,3,,SparePart 2.14.013 Hal 18,,,,,,,,,,
,,turning lever,135.11.020.02,2,4,,SparePart 2.14.013 Hal 18,,,,,,,,,,
,,centering ring,135.11.024.00,2,5,,SparePart 2.14.013 Hal 18,,,,,,,,,,
,,cover plate,135.11.027.01,2,6,,SparePart 2.14.013 Hal 18,,,,,,,,,,
,,bolt,135.11.028.00,2,7,,SparePart 2.14.013 Hal 18,,,,,,,,,,
,,cover,135.11.029.00,2,8,,SparePart 2.14.013 Hal 18,,,,,,,,,,
,,rail,31-02-582_HGH20CA-Schiene,2,9,,SparePart 2.14.013 Hal 18,,,,,,,,,,
,,carrier,31-02-582_HGH20CA-Wagen,4,10,,SparePart 2.14.013 Hal 18,,,,,,,,,,
,,joint ball M8,31-01-900,2,11,,SparePart 2.14.013 Hal 18,,,,,,,,,,
,,cylinder,30-00-357,2,12,,SparePart 2.14.013 Hal 18,,,,,,,,,,
,,swivel flange,30-50-429,2,13,,SparePart 2.14.013 Hal 18,,,,,,,,,,
,,cheek,135.11.012.01,2,14,,SparePart 2.14.013 Hal 18,,,,,,,,,,
,,joint,135.11.021.01,2,15,,SparePart 2.14.013 Hal 18,,,,,,,,,,
,,carrier,135.11.023.00,2,16,,SparePart 2.14.013 Hal 18,,,,,,,,,,
,,cylinder screw M05x16,50-10-038,16,17,,SparePart 2.14.013 Hal 18,,,,,,,,,,
,,bearing D50/72x12,31-02-411,4,18,,SparePart 2.14.013 Hal 18,,,,,,,,,,
,,"screw M16x1,5",135.18.070.00,2,19,,SparePart 2.14.013 Hal 18,,,,,,,,,,
,,"locker ring 72x2,5",31-02-412,4,20,,SparePart 2.14.013 Hal 18,,,,,,,,,,
,,cylinder screw M05x20xA2,50-10-057,14,21,,SparePart 2.14.013 Hal 18,,,,,,,,,,
,,"U-washer d8,4 A2",52-10-001,4,22,,SparePart 2.14.013 Hal 18,,,,,,,,,,
,,cylinder screw M8x40,50-10-157_M8x40,4,23,,SparePart 2.14.013 Hal 18,,,,,,,,,,
,,feather key 6x6x50,31-02-808,2,24,,SparePart 2.14.013 Hal 18,,,,,,,,,,
,,locker ring A20,31-00-428,4,25,,SparePart 2.14.013 Hal 18,,,,,,,,,,
,,bearing 6004 2RS,31-00-034,4,26,,SparePart 2.14.013 Hal 18,,,,,,,,,,
,,locker ring 50x2,31-01-0348,4,27,,SparePart 2.14.013 Hal 18,,,,,,,,,,
,,cylinder screw,50-10-017,2,28,,SparePart 2.14.013 Hal 18,,,,,,,,,,
,,throttle check valve M5x6,30-10-1930,5,29,,SparePart 2.14.013 Hal 18,,,,,,,,,,
,,cylinder screw M8x30 VA,50-10-061,5,30,,SparePart 2.14.013 Hal 18,,,,,,,,,,
,,shaft,2.5000.0194,25,31,,SparePart 2.14.013 Hal 18,,,,,,,,,,
,,cylinder screw M8x50 VA,50-10-159,2,32,,SparePart 2.14.013 Hal 18,,,,,,,,,,
,,piston,135.11.025.01,2,33,,SparePart 2.14.013 Hal 18,,,,,,,,,,
,,O-sealing 24x4,31-02-414,2,34,,SparePart 2.14.013 Hal 18,,,,,,,,,,
,,"pressure spring d1,25/DM12,5/Lo90,5",31-02-622,2,35,,SparePart 2.14.013 Hal 18,,,,,,,,,,
,,axle bolt,135.11.026.01,2,36,,SparePart 2.14.013 Hal 18,,,,,,,,,,
,,cylinder screw,50-10-005,2,37,,SparePart 2.14.013 Hal 18,,,,,,,,,,
,,locker ring 15x1,31-02-236,2,38,,SparePart 2.14.013 Hal 18,,,,,,,,,,
,,screwed pin M08x08,50-10-258,4,39,,SparePart 2.14.013 Hal 18,,,,,,,,,,
,,hexagon screw M08x25 A2,50-10-220,2,40,,SparePart 2.14.013 Hal 18,,,,,,,,,,
,,plug connection R17(x6,30-20-161,2,41,,SparePart 2.14.013 Hal 18,,,,,,,,,,
,,staight pin Ø8x24,31-01-471,2,42,,SparePart 2.14.013 Hal 18,,,,,,,,,,
,Film deaw vacuum,space plate,135.11.045.01,2,1,,SparePart 2.14.013 Hal 19,,,,,,,,,,
,,O-sealing 20x2,31-02-746,2,2,,SparePart 2.14.013 Hal 19,,,,,,,,,,
,,O-sealing 32x2,31-02-747,2,3,,SparePart 2.14.013 Hal 19,,,,,,,,,,
,,cylinder screw M06x20,50-10-018,8,4,,SparePart 2.14.013 Hal 19,,,,,,,,,,
,,vacuum channel,135.11.046.01,2,5,,SparePart 2.14.013 Hal 19,,,,,,,,,,
,,buttstrap,135.11.047.01,2,6,,SparePart 2.14.013 Hal 19,,,,,,,,,,
,,"U-washer d8,4 A2",52-10-001,4,7,,SparePart 2.14.013 Hal 19,,,,,,,,,,
,,hexagon screw M08x35 A2,50-10-192,4,8,,SparePart 2.14.013 Hal 19,,,,,,,,,,
,,toothed belt wheel T10/22,135.11.044.01,2,9,,SparePart 2.14.013 Hal 19,,,,,,,,,,
,,bushing BAR 20mm,31-02-430,2,10,,SparePart 2.14.013 Hal 19,,,,,,,,,,
,,toothed belt wheel T10/22,135.11.043.01,2,11,,SparePart 2.14.013 Hal 19,,,,,,,,,,
,,bearing d015D032B09,31-01-763,4,12,,SparePart 2.14.013 Hal 19,,,,,,,,,,
,,draw down belt 28x630,31-00-247-4,2,13,,SparePart 2.14.013 Hal 19,,,,,,,,,,
,Drive film draw-down,flange,135.11.054.01,2,10,,SparePart 2.14.013 Hal 20,,,,,,,,,,
,,motor,34-00-648,2,11,,SparePart 2.14.013 Hal 20,,,,,,,,,,
,,clutch Dm16/20,31-02-530,2,12,,SparePart 2.14.013 Hal 20,,,,,,,,,,
,,"washer 5,3",52-10-004,8,13,,SparePart 2.14.013 Hal 20,,,,,,,,,,
,,cylinder screw M05x20xA2,50-10-057,8,14,,SparePart 2.14.013 Hal 20,,,,,,,,,,
,,cylinder screw M6x30 VA,50-10-040,8,15,,SparePart 2.14.013 Hal 20,,,,,,,,,,
,Chute with tilting edge,ledge B040 T015 L250,133.15.040.00,2,1,,SparePart 2.14.013 Hal 21,,,,,,,,,,
,,support,135.15.027.00,1,2,,SparePart 2.14.013 Hal 21,,,,,,,,,,
,,sheet,135.15.026.00,1,3,,SparePart 2.14.013 Hal 21,,,,,,,,,,
,,retaining ledge L220,175.15.026.00,2,4,,SparePart 2.14.013 Hal 21,,,,,,,,,,
,,Block B015 T015 L0100,133.15.039.00,2,5,,SparePart 2.14.013 Hal 21,,,,,,,,,,
,,"U-washer d8,4 A2",52-10-001,8,6,,SparePart 2.14.013 Hal 21,,,,,,,,,,
,,hexagon screw M8x25,50-10-067,2,7,,SparePart 2.14.013 Hal 21,,,,,,,,,,
,,hexagon screw M8x20 A2,50-10-100,2,8,,SparePart 2.14.013 Hal 21,,,,,,,,,,
,,hexagon screw M08x65 A2,50-10-252,4,9,,SparePart 2.14.013 Hal 21,,,,,,,,,,
,,countersunk screw M06x20 A2,50-10-127,2,10,,SparePart 2.14.013 Hal 21,,,,,,,,,,
,Cooling,magnet valve 4/2 Wege,30-10-035,1,1,,SparePart 2.14.013 Hal 22,,,,,,,,,,
,,"L-union R1/8""x8",30-20-017,1,2,,SparePart 2.14.013 Hal 22,,,,,,,,,,
,,"sealing ring 1/8""",30-30-002,1,3,,SparePart 2.14.013 Hal 22,,,,,,,,,,
,,"sealing plug R1/8""",30-50-179,1,4,,SparePart 2.14.013 Hal 22,,,,,,,,,,
,Valve,magnet valve 4/2 Wege,30-10-035,1,1,,SparePart 2.14.013 Hal 23,,,,,,,,,,
,,L-union R1/8x6,30-20-012,1,2,,SparePart 2.14.013 Hal 23,,,,,,,,,,
,,L-union R1/8x6,30-20-023,1,3,,SparePart 2.14.013 Hal 23,,,,,,,,,,
,Vacuum Pump,(vacuum pump),Vakuumpumpe_nach_Auf trag(3.184.11.004.00),1,1,,SparePart 2.14.013 Hal 24,,,,,,,,,,
,,divider,186.11.039.00,1,2,,SparePart 2.14.013 Hal 24,,,,,,,,,,
,,hose connector 1/2 x 13,30-50-143,2,3,,SparePart 2.14.013 Hal 24,,,,,,,,,,
,,hose 13x3.1,30-50-102(3.184.11.004.00),2,4,,SparePart 2.14.013 Hal 24,,,,,,,,,,
,,hose clamp 12-22mm,30-50-134,4,5,,SparePart 2.14.013 Hal 24,,,,,,,,,,
,,hose clamp 20-32mm,30-50-130,2,6,,SparePart 2.14.013 Hal 24,,,,,,,,,,
,,hose 19x3.5,30-50-103(3.184.11.004.00),2,7,,SparePart 2.14.013 Hal 24,,,,,,,,,,
,,hose connector R3/4x19,30-50-144,2,8,,SparePart 2.14.013 Hal 24,,,,,,,,,,
,,sealing ring 1/2 Polyamid ,30-30-004,2,9,,SparePart 2.14.013 Hal 24,,,,,,,,,,
,,sealing ring 3/4 Polyamid ,30-30-005,1,10,,SparePart 2.14.013 Hal 24,,,,,,,,,,
,,shaft D20 L0100 M06,2.5002.0418,4,11,,SparePart 2.14.013 Hal 24,,,,,,,,,,
,,vacuummeter 1/8,30-50-524,1,12,,SparePart 2.14.013 Hal 24,,,,,,,,,,
,,"plug R1/8""",30-50-196,1,13,,SparePart 2.14.013 Hal 24,,,,,,,,,,
,,double nipple G1 1/4- G1/2,30-50-576,1,14,,SparePart 2.14.013 Hal 24,,,,,,,,,,
,,nipple R1 1/4x3/4,30-50-259,1,15,,SparePart 2.14.013 Hal 24,,,,,,,,,,
,Bag lenght control,adjusting lever,185.11.049.00,1,1,,SparePart 2.14.013 Hal 25,,,,,,,,,,
,,oscillating krank,186.11.021.01,1,2,,SparePart 2.14.013 Hal 25,,,,,,,,,,
,,adjusting piece,186.11.022.00,1,3,,SparePart 2.14.013 Hal 25,,,,,,,,,,
,,stopper plate,186.11.036.00,1,4,,SparePart 2.14.013 Hal 25,,,,,,,,,,
,,rotary transmitter  8-pol.,32-02-291,1,5,,SparePart 2.14.013 Hal 25,,,,,,,,,,
,,measuring wheel,32-00-542,1,6,,SparePart 2.14.013 Hal 25,,,,,,,,,,
,,DU-bushes 08x10x08,31-00-437,2,7,,SparePart 2.14.013 Hal 25,,,,,,,,,,
,,sheft,2.5000.0029,1,8,,SparePart 2.14.013 Hal 25,,,,,,,,,,
,,cabel outlet M12 8pol.,32-02-292,1,9,,SparePart 2.14.013 Hal 25,,,,,,,,,,
,,tension spring 186.11.037.00,186.11.037.00(3.185.11.0 09.01),1,10,,SparePart 2.14.013 Hal 25,,,,,,,,,,
,,hexagon screw M4x16,50-10-065,6,11,,SparePart 2.14.013 Hal 25,,,,,,,,,,
,,hexagon screw 04x25,50-10-285,1,12,,SparePart 2.14.013 Hal 25,,,,,,,,,,
,,hexagonal nut M04,51-10-005,2,13,,SparePart 2.14.013 Hal 25,,,,,,,,,,
,,"U-washer d04,3","52-10-009_U Scheibed04,3",2,14,,SparePart 2.14.013 Hal 25,,,,,,,,,,
,,"U-washer 6,4",52-10-002,3,15,,SparePart 2.14.013 Hal 25,,,,,,,,,,
,,hexagon screw M06x25,50-10-062,3,16,,SparePart 2.14.013 Hal 25,,,,,,,,,,
,Winkelprofil Laufhöhe hor. 305-460mm,support,200.01.826.01,1,1,,SparePart 2.14.013 Hal 26,,,,,,,,,,
,,shaft D20 L175 M10,2.5001.0107,2,2,,SparePart 2.14.013 Hal 26,,,,,,,,,,
,,machine pedestal VA D50,31-02-594,2,3,,SparePart 2.14.013 Hal 26,,,,,,,,,,
,,screwed pin M10x25,50-10-249_M10x25,2,4,,SparePart 2.14.013 Hal 26,,,,,,,,,,
,,hexagon screw M8x40,50-10-001,2,5,,SparePart 2.14.013 Hal 26,,,,,,,,,,
,,"U-washer d8,4 A2",52-10-001,2,6,,SparePart 2.14.013 Hal 26,,,,,,,,,,
,,hexagon screw M6x12 A2,50-10-094,4,7,,SparePart 2.14.013 Hal 26,,,,,,,,,,
,,"U-washer 6,4",52-10-002,4,8,,SparePart 2.14.013 Hal 26,,,,,,,,,,
,Band GB275 AA1500 Belt,frame,200.00.455.01,1,1,,SparePart 2.14.013 Hal 27,,,,,,,,,,
,,holding fixture,200.06.369.00,2,2,,SparePart 2.14.013 Hal 27,,,,,,,,,,
,,holding fixture,200.06.370.00,2,3,,SparePart 2.14.013 Hal 27,,,,,,,,,,
,,pressure plate,200.06.371.00,4,4,,SparePart 2.14.013 Hal 27,,,,,,,,,,
,,deflecting roller 300mm,34-00-187,1,5,,SparePart 2.14.013 Hal 27,,,,,,,,,,
,,motor connection box,200.00.139.00,1,6,,SparePart 2.14.013 Hal 27,,,,,,,,,,
,,distance shaft L305 D25,2.5004.0012,2,7,,SparePart 2.14.013 Hal 27,,,,,,,,,,
,,motor,"Trommelmotor(3.200.01.07
3.01)",1,8,,SparePart 2.14.013 Hal 27,,,,,,,,,,
,,cable union,32-01-379,1,9,,SparePart 2.14.013 Hal 27,,,,,,,,,,
,,"U-washer d8,4 A2",52-10-001,8,10,,SparePart 2.14.013 Hal 27,,,,,,,,,,
,,hexagon screw M8x12,50-10-099,8,11,,SparePart 2.14.013 Hal 27,,,,,,,,,,
,,"U-washer 6,4",52-10-002,4,12,,SparePart 2.14.013 Hal 27,,,,,,,,,,
,,hexagon screw,50-10-073M06x30,4,13,,SparePart 2.14.013 Hal 27,,,,,,,,,,
,,hexagon screw M4x40,50-10-218,2,14,,SparePart 2.14.013 Hal 27,,,,,,,,,,
,,"U-washer d04,3","52-10-009_U-Scheibed04,3",2,15,,SparePart 2.14.013 Hal 27,,,,,,,,,,
,,hexagon screw,50-10-177,2,16,,SparePart 2.14.013 Hal 27,,,,,,,,,,
,Belt support,support,200.01.965.01,1,1,,SparePart 2.14.013 Hal 28,,,,,,,,,,
,,shaft D20 L400 M10,2.5001.0118,2,2,,SparePart 2.14.013 Hal 28,,,,,,,,,,
,,hinged food VA D50,31-02-594,2,3,,SparePart 2.14.013 Hal 28,,,,,,,,,,
,,screwed pin M10x25,50-10-249_M10x25,2,4,,SparePart 2.14.013 Hal 28,,,,,,,,,,
,,hexagon screw M8x40,50-10-001,2,5,,SparePart 2.14.013 Hal 28,,,,,,,,,,
,,"U-washer d8,4 A2",52-10-001,2,6,,SparePart 2.14.013 Hal 28,,,,,,,,,,
,,hexagon screw M6x12 A2,50-10-094,4,7,,SparePart 2.14.013 Hal 28,,,,,,,,,,
,,"U-washer 6,4",52-10-002,4,8,,SparePart 2.14.013 Hal 28,,,,,,,,,,
,Protection tunnel - roof style,cover GB 275 L500 Dachform,200.00.599.00,1,1,,SparePart 2.14.013 Hal 29,,,,,,,,,,
,,washer,2.0125.0097,4,2,,SparePart 2.14.013 Hal 29,,,,,,,,,,
,,"U-washer 6,4",52-10-002,4,3,,SparePart 2.14.013 Hal 29,,,,,,,,,,
,,hexagon screw M06x25,50-10-062,4,4,,SparePart 2.14.013 Hal 29,,,,,,,,,,
,Centering,plate,201.01.052.01,1,1,,SparePart 2.14.013 Hal 30,,,,,,,,,,
,,locking,201.01.066.00,1,2,,SparePart 2.14.013 Hal 30,,,,,,,,,,
,,sensor Nr.1184361,32-02-615,1,3,,SparePart 2.14.013 Hal 30,,,,,,,,,,
,,holder fixation,201.01.068.00,1,4,,SparePart 2.14.013 Hal 30,,,,,,,,,,
,,magnet Nr.1184395,32-02-616,1,5,,SparePart 2.14.013 Hal 30,,,,,,,,,,
,,bolt fixation,201.01.063.00,1,6,,SparePart 2.14.013 Hal 30,,,,,,,,,,
,,"washer d8,4 A2",52-10-001,2,7,,SparePart 2.14.013 Hal 30,,,,,,,,,,
,,hexagon screw M8x12,50-10-099,2,8,,SparePart 2.14.013 Hal 30,,,,,,,,,,
,,washer,52-10-003,2,9,,SparePart 2.14.013 Hal 30,,,,,,,,,,
,,hexagon screw,50-10-104,4,10,,SparePart 2.14.013 Hal 30,,,,,,,,,,
,,"attempt washer D24 d15 L1,5",31-01-687,2,11,,SparePart 2.14.013 Hal 30,,,,,,,,,,
,,space bushing,2..4000..0306,2,12,,SparePart 2.14.013 Hal 30,,,,,,,,,,
,,space bushing,2..4000..0307,2,13,,SparePart 2.14.013 Hal 30,,,,,,,,,,
,,cylinder screw M4x20,50-10-140,4,14,,SparePart 2.14.013 Hal 30,,,,,,,,,,
,,DU-washer 15/17x15,31-00-435,2,15,,SparePart 2.14.013 Hal 30,,,,,,,,,,
,,rod,201.01.082.00,2,16,,SparePart 2.14.013 Hal 30,,,,,,,,,,
,,distance plate 100x40x6,201.01.070.00,1,17,,SparePart 2.14.013 Hal 30,,,,,,,,,,
,,"washer d06,4 A2",52-10-006,1,18,,SparePart 2.14.013 Hal 30,,,,,,,,,,
,,"washer d04,3 A2",52-10-005,2,19,,SparePart 2.14.013 Hal 30,,,,,,,,,,
,,hexagon screw M6x10 A2,50-10-093,2,20,,SparePart 2.14.013 Hal 30,,,,,,,,,,
,,hexagon screw,50-10-066,1,21,,SparePart 2.14.013 Hal 30,,,,,,,,,,
,Belt support,support GB275,201.01.029.00.3,1,1,,SparePart 2.14.013 Hal 31,,,,,,,,,,
,,Shaft D20 L600 M10,2.5001.0109,2,2,,SparePart 2.14.013 Hal 31,,,,,,,,,,
,,hinged food VA D50,31-02-594,2,3,,SparePart 2.14.013 Hal 31,,,,,,,,,,
,,screwed pin M10x25,50-10-249_M10x25,2,4,,SparePart 2.14.013 Hal 31,,,,,,,,,,
,,"U-washer d8,4 A2",52-10-001,2,5,,SparePart 2.14.013 Hal 31,,,,,,,,,,
,,hexagon screw M8x40,50-10-001,2,6,,SparePart 2.14.013 Hal 31,,,,,,,,,,
,,"U-washer 6,4",52-10-002,4,7,,SparePart 2.14.013 Hal 31,,,,,,,,,,
,,hexagon screw M06x16 A2,50-10-075,2,8,,SparePart 2.14.013 Hal 31,,,,,,,,,,
,,hexagon screw M6x12 A2,50-10-094,2,9,,SparePart 2.14.013 Hal 31,,,,,,,,,,
,SD-80 H-E Frame,plate,410.01.235.00,1,1,,SparePart 2.14.013 Hal 32,,,,,,,,,,
,,plate top,410.01.236.00,1,2,,SparePart 2.14.013 Hal 32,,,,,,,,,,
,,siede plate,410.01.239.00,1,3,,SparePart 2.14.013 Hal 32,,,,,,,,,,
,,distance plate,410.01.238.00,1,4,,SparePart 2.14.013 Hal 32,,,,,,,,,,
,,bearing,31-02-872,1,5,,SparePart 2.14.013 Hal 32,,,,,,,,,,
,,distance plate,410.01.246.00,1,6,,SparePart 2.14.013 Hal 32,,,,,,,,,,
,,distance plate,410.01.003.00,1,7,,SparePart 2.14.013 Hal 32,,,,,,,,,,
,,spindle M36 VA,410.01.170.00,1,8,,SparePart 2.14.013 Hal 32,,,,,,,,,,
,,cog wheel M2.5 Z60 d16H7 Tellerrad,400.01.013.00,1,9,,SparePart 2.14.013 Hal 32,,,,,,,,,,
,,bearing flange,410.01.155.00,1,10,,SparePart 2.14.013 Hal 32,,,,,,,,,,
,,bearing,31-01-052,2,11,,SparePart 2.14.013 Hal 32,,,,,,,,,,
,,shaft,410.01.153.00,1,12,,SparePart 2.14.013 Hal 32,,,,,,,,,,
,,conical gear wheel M2.5 Z15 d15H7,400.01.014.00,1,13,,SparePart 2.14.013 Hal 32,,,,,,,,,,
,,cover,410.01.253.00,1,14,,SparePart 2.14.013 Hal 32,,,,,,,,,,
,,cover right,410.01.252.00,1,15,,SparePart 2.14.013 Hal 32,,,,,,,,,,
,,A-pillar 172 H719 Al,410.01.149.00,1,16,,SparePart 2.14.013 Hal 32,,,,,,,,,,
,,flange top Dm250 H350,410.01.178.00,1,17,,SparePart 2.14.013 Hal 32,,,,,,,,,,
,,base plate,410.01.181.00,1,18,,SparePart 2.14.013 Hal 32,,,,,,,,,,
,,clamp tube,410.01.177.00,1,19,,SparePart 2.14.013 Hal 32,,,,,,,,,,
,,clamping lever,31-00-573,1,20,,SparePart 2.14.013 Hal 32,,,,,,,,,,
,,clamping lever,31-00-577,1,21,,SparePart 2.14.013 Hal 32,,,,,,,,,,
,,hand wheel,31-02-871,1,22,,SparePart 2.14.013 Hal 32,,,,,,,,,,
,,flange nut,410.01.151.00,1,23,,SparePart 2.14.013 Hal 32,,,,,,,,,,
,,distance ring D200 d170.2 t001,410.01.191.00,1,24,,SparePart 2.14.013 Hal 32,,,,,,,,,,
,,clamp housing,410.01.245.00,1,25,,SparePart 2.14.013 Hal 32,,,,,,,,,,
,,bushes 16x22x28x20,31-00-104,2,26,,SparePart 2.14.013 Hal 32,,,,,,,,,,
,,shaft,410.06.094.00,1,27,,SparePart 2.14.013 Hal 32,,,,,,,,,,
,,bearing plate,410.06.095.00,1,28,,SparePart 2.14.013 Hal 32,,,,,,,,,,
,,bushes 10x15x20x10 ,31-03-209,2,29,,SparePart 2.14.013 Hal 32,,,,,,,,,,
,,steight pin 10x50 DIN7 252,31-03-206,2,30,,SparePart 2.14.013 Hal 32,,,,,,,,,,
,,needle bush D10/14x15,31-03-20,1,31,,SparePart 2.14.013 Hal 32,,,,,,,,,,
,,adjusting ring 10 DIN 705,31-00-166,2,32,,SparePart 2.14.013 Hal 32,,,,,,,,,,
,,lever,410.06.097.00,1,33,,SparePart 2.14.013 Hal 32,,,,,,,,,,
,,Gewindestift M10x30 mit Zapfen,50-10-324,1,34,,SparePart 2.14.013 Hal 32,,,,,,,,,,
,,hexagonal nut M10,51-10-024,1,35,,SparePart 2.14.013 Hal 32,,,,,,,,,,
,,bearing block,30-50-602,1,36,,SparePart 2.14.013 Hal 32,,,,,,,,,,
,,turn cylinder,30-50-603,1,37,,SparePart 2.14.013 Hal 32,,,,,,,,,,
,,cylinder,30-00-234,1,38,,SparePart 2.14.013 Hal 32,,,,,,,,,,
,,"fork head M10x1,25",31-01-846,1,39,,SparePart 2.14.013 Hal 32,,,,,,,,,,
,,throttle check valve 1/8,30-10-025,2,40,,SparePart 2.14.013 Hal 32,,,,,,,,,,
,,"magnet valve 1/8""",30-10-042,1,41,,SparePart 2.14.013 Hal 32,,,,,,,,,,
,,cover B060 t010 L090,410.06.127.00.SLDDRW,1,42,,SparePart 2.14.013 Hal 32,,,,,,,,,,
,,plug connection R1/8x6,30-20-012,1,43,,SparePart 2.14.013 Hal 32,,,,,,,,,,
,,plug connection R1/8x6,30-20-023,2,44,,SparePart 2.14.013 Hal 32,,,,,,,,,,
,,plug connection,30-20-086,1,45,,SparePart 2.14.013 Hal 32,,,,,,,,,,
,,"cable union M12x1,5 Ms",32-01-338,10,46,,SparePart 2.14.013 Hal 32,,,,,,,,,,
,SEW-CMP 80S SD-80 Drive,motor,34-00-713,1,1,,SparePart 2.14.013 Hal 33,,,,,,,,,,
,,"sprocket 1/2""x5/16"" Z15",31-00-485,2,2,,SparePart 2.14.013 Hal 33,,,,,,,,,,
,,chain tensioner,410.06.010.00,1,3,,SparePart 2.14.013 Hal 33,,,,,,,,,,
,,chain tensioner,121.06.075.00,1,4,,SparePart 2.14.013 Hal 33,,,,,,,,,,
,,sefety clutch,31-00-640,1,5,,SparePart 2.14.013 Hal 33,,,,,,,,,,
,,feather key 8x7x50,31-00-151,1,6,,SparePart 2.14.013 Hal 33,,,,,,,,,,
,,flange,410.06.105.00,1,7,,SparePart 2.14.013 Hal 33,,,,,,,,,,
,,bearing d70D100B16,31-03-236,1,8,,SparePart 2.14.013 Hal 33,,,,,,,,,,
,,bearing d70D90B15,31-03-239,1,9,,SparePart 2.14.013 Hal 33,,,,,,,,,,
,,hollow shaft,410.06.106.00,1,10,,SparePart 2.14.013 Hal 33,,,,,,,,,,
,,oil seal 80x100x10,31-03-230,1,11,,SparePart 2.14.013 Hal 33,,,,,,,,,,
,,bearing d30D55B19,31-03-238,1,12,,SparePart 2.14.013 Hal 33,,,,,,,,,,
,,bearing d30D47B09 ,31-03-237,2,13,,SparePart 2.14.013 Hal 33,,,,,,,,,,
,,flange washer,410.06.108.00,1,14,,SparePart 2.14.013 Hal 33,,,,,,,,,,
,,sprocket ,410.06.109.00,1,15,,SparePart 2.14.013 Hal 33,,,,,,,,,,
,,oil seal 45x62x8 ,31-03-231,1,16,,SparePart 2.14.013 Hal 33,,,,,,,,,,
,,drive shaft,410.06.107.00,1,17,,SparePart 2.14.013 Hal 33,,,,,,,,,,
,,O-sealing D105x3,31-03-229,1,18,,SparePart 2.14.013 Hal 33,,,,,,,,,,
,,holding fixture,410.06.096.00,1,19,,SparePart 2.14.013 Hal 33,,,,,,,,,,
,,O-sealing D067x4,31-03-226,1,20,,SparePart 2.14.013 Hal 33,,,,,,,,,,
,,O-sealing D070x4,31-03-227,1,21,,SparePart 2.14.013 Hal 33,,,,,,,,,,
,,flange,410.06.110.00,1,22,,SparePart 2.14.013 Hal 33,,,,,,,,,,
,,bearing d030D062B16,31-00-008,2,23,,SparePart 2.14.013 Hal 33,,,,,,,,,,
,,shaft D0020 D0025 L0124,410.06.113.00,1,24,,SparePart 2.14.013 Hal 33,,,,,,,,,,
,,"disc spring 40x20,4x1,5",31-03-232,8,25,,SparePart 2.14.013 Hal 33,,,,,,,,,,
,,"washer d012,5 D040 L002",2.0125.0099,1,26,,SparePart 2.14.013 Hal 33,,,,,,,,,,
,,"hexagonal nut M12x1,5  A2",51-10-060,1,27,,SparePart 2.14.013 Hal 33,,,,,,,,,,
,,feather key  8x7x40,31-00-706,1,28,,SparePart 2.14.013 Hal 33,,,,,,,,,,
,,motor,34-00-547,1,29,,SparePart 2.14.013 Hal 33,,,,,,,,,,
,,plate,410.01.235.00,1,30,,SparePart 2.14.013 Hal 33,,,,,,,,,,
,,locking nut,410.06.115.00,1,31,,SparePart 2.14.013 Hal 33,,,,,,,,,,
,,spur gear,410.06.100.00,1,32,,SparePart 2.14.013 Hal 33,,,,,,,,,,
,,shaft D28 D25 L171,410.06.112.00,1,33,,SparePart 2.14.013 Hal 33,,,,,,,,,,
,,feather key,31-00-152,1,34,,SparePart 2.14.013 Hal 33,,,,,,,,,,
,,spur gear,410.06.013.00,1,35,,SparePart 2.14.013 Hal 33,,,,,,,,,,
,,timing belt 50 T08/1800,31-00-317(3.410.06.007.00),1,36,,SparePart 2.14.013 Hal 33,,,,,,,,,,
,,"chain 1/2x5/16"" SZ",31-00-444(3.410.06.015.00),1,37,,SparePart 2.14.013 Hal 33,,,,,,,,,,
,,bolt ,410.06.098.00,1,38,,SparePart 2.14.013 Hal 33,,,,,,,,,,
,,bolt L42,121.06.007.01,1,39,,SparePart 2.14.013 Hal 33,,,,,,,,,,
,,ring,410.06.118.00,1,40,,SparePart 2.14.013 Hal 33,,,,,,,,,,
,,ring folower,410.06.117.00,1,41,,SparePart 2.14.013 Hal 33,,,,,,,,,,
,,flange,410.06.111.00,1,42,,SparePart 2.14.013 Hal 33,,,,,,,,,,
,,licker ring 62x2,31-03-240,2,43,,SparePart 2.14.013 Hal 33,,,,,,,,,,
,,tension roller,310.00.107.00,1,44,,SparePart 2.14.013 Hal 33,,,,,,,,,,
,,locker bolt,310.00.106.00,1,45,,SparePart 2.14.013 Hal 33,,,,,,,,,,
,,locker ring,31-00-421,2,46,,SparePart 2.14.013 Hal 33,,,,,,,,,,
,,bearing,31-00-064,2,47,,SparePart 2.14.013 Hal 33,,,,,,,,,,
,,O-sealing D050x5 ,31-03-205,1,48,,SparePart 2.14.013 Hal 33,,,,,,,,,,
,,pressure pad,410.06.131.00,2,49,,SparePart 2.14.013 Hal 33,,,,,,,,,,
,,stirrer inner,410.06.116.00,1,50,,SparePart 2.14.013 Hal 33,,,,,,,,,,
,,stirrer outer,410.06.119.00,1,51,,SparePart 2.14.013 Hal 33,,,,,,,,,,
,SD-80 H-E Hopper,hopper,410.39.309.00,1,1,,SparePart 2.14.013 Hal 34,,,,,,,,,,
,,silicone round cord 6mm,31-02-967-410.39.309.00,2,2,,SparePart 2.14.013 Hal 34,,,,,,,,,,
,,washer,410.39.017.02,1,3,,SparePart 2.14.013 Hal 34,,,,,,,,,,
,,"U-washer d04,3","52-10-009_U-Scheibed04,3",6,4,,SparePart 2.14.013 Hal 34,,,,,,,,,,
,,hexagon screw M4x20,50-10-088,6,5,,SparePart 2.14.013 Hal 34,,,,,,,,,,
,,O-sealing 180x3,31-03-198-410.39.309.00,1,6,,SparePart 2.14.013 Hal 34,,,,,,,,,,
,,hopper plate SD80,410.39.310.00,1,7,,SparePart 2.14.013 Hal 34,,,,,,,,,,
,,silicone round cord 6mm,31-02-967(3.410.39.027.00_Deckel),1,8,,SparePart 2.14.013 Hal 34,,,,,,,,,,
,,bracket plate,410.39.100.00,3,9,,SparePart 2.14.013 Hal 34,,,,,,,,,,
,,"U-washer 5,3",52-10-004,14,10,,SparePart 2.14.013 Hal 34,,,,,,,,,,
,,hexagon screw M5x10,50-10-089,10,11,,SparePart 2.14.013 Hal 34,,,,,,,,,,
,,gas flushing D40 R125 ,3.410.23.001.00,1,12,,SparePart 2.14.013 Hal 34,,,,,,,,,,
,,O-sealing 90x3,31-02-963,1,13,,SparePart 2.14.013 Hal 34,,,,,,,,,,
,,bolt,410.39.044.00,4,14,,SparePart 2.14.013 Hal 34,,,,,,,,,,
,,star knob M10x50 ,31-00-622,4,15,,SparePart 2.14.013 Hal 34,,,,,,,,,,
,,hexagon screw M5x16,50-10-091,2,16,,SparePart 2.14.013 Hal 34,,,,,,,,,,
,,O-sealing 40x3,31-03-197,1,17,,SparePart 2.14.013 Hal 34,,,,,,,,,,
,,O-sealing 50x3,31-02-962-(410.39.314.00),1,18,,SparePart 2.14.013 Hal 34,,,,,,,,,,
,,chinge,410.39.274.00,1,19,,SparePart 2.14.013 Hal 34,,,,,,,,,,
,,"U-washer 6,4",52-10-002,4,20,,SparePart 2.14.013 Hal 34,,,,,,,,,,
,,hexagon screw M6x20,50-10-010,4,21,,SparePart 2.14.013 Hal 34,,,,,,,,,,
,,chinge,410.39.273.00,1,22,,SparePart 2.14.013 Hal 34,,,,,,,,,,
,,sliding bearing,31-01-817,2,23,,SparePart 2.14.013 Hal 34,,,,,,,,,,
,,buttstrap,410.39.019.01,4,24,,SparePart 2.14.013 Hal 34,,,,,,,,,,
,,hopper DN150,410.39.224.00,1,25,,SparePart 2.14.013 Hal 34,,,,,,,,,,
,,hexagon screw M05x12 ,50-10-090,2,26,,SparePart 2.14.013 Hal 34,,,,,,,,,,
,,O-sealing 150x3,31-02-964,1,27,,SparePart 2.14.013 Hal 34,,,,,,,,,,
,,shaft,2.5000.0231,1,28,,SparePart 2.14.013 Hal 34,,,,,,,,,,
,,frame SD80,410.39.304.00,1,29,,SparePart 2.14.013 Hal 34,,,,,,,,,,
,,adapter plate sensor,400.39.163.00,1,30,,SparePart 2.14.013 Hal 34,,,,,,,,,,
,,adapter plate sensor,400.39.164.00,1,31,,SparePart 2.14.013 Hal 34,,,,,,,,,,
,,countersunk screw M6x16 A2,50-10-126,4,32,,SparePart 2.14.013 Hal 34,,,,,,,,,,
,,joint ball M8x32,31-00-238,1,33,,SparePart 2.14.013 Hal 34,,,,,,,,,,
,,screwed pin M8x50,50-10-275,1,34,,SparePart 2.14.013 Hal 34,,,,,,,,,,
,,sensor Nr.1184361,32-02-615,1,35,,SparePart 2.14.013 Hal 34,,,,,,,,,,
,,magnet Nr.1184395,32-02-616,1,36,,SparePart 2.14.013 Hal 34,,,,,,,,,,
,,bellow 10ltr,31-00-537(3.400.39.022.00),1,37,,SparePart 2.14.013 Hal 34,,,,,,,,,,
,,hose clamp 32-50mm,30-50-132,1,38,,SparePart 2.14.013 Hal 34,,,,,,,,,,
,,cylinder screw M04x12,50-10-039,4,39,,SparePart 2.14.013 Hal 34,,,,,,,,,,
,,Protector D U M M Y,32-03-222,1,40,,SparePart 2.14.013 Hal 34,,,,,,,,,,
,,holder,410.39.320.00,1,41,,SparePart 2.14.013 Hal 34,,,,,,,,,,
,,bushing,410.39.321.00,1,42,,SparePart 2.14.013 Hal 34,,,,,,,,,,
,,level sensor FTC968 DC PNP,32-03-221,1,43,,SparePart 2.14.013 Hal 34,,,,,,,,,,
,,O-sealing 55x2,31-03-223,1,44,,SparePart 2.14.013 Hal 34,,,,,,,,,,
,,knurled screw M4x10,31-00-368,1,45,,SparePart 2.14.013 Hal 34,,,,,,,,,,
,Drive - half shell,universal holder 40.2,410.40.497.00,1,1,,SparePart 2.14.013 Hal 35,,,,,,,,,,
,,holder 40.2,410.40.498.00,1,2,,SparePart 2.14.013 Hal 35,,,,,,,,,,
,,holder,400.40.001.00,1,3,,SparePart 2.14.013 Hal 35,,,,,,,,,,
,,Du-washer 10x20x1.5,31-00-492,2,4,,SparePart 2.14.013 Hal 35,,,,,,,,,,
,,actuation,410.40.406.00,1,5,,SparePart 2.14.013 Hal 35,,,,,,,,,,
,,actuation,410.40.405.00,1,6,,SparePart 2.14.013 Hal 35,,,,,,,,,,
,,shaft,410.40.094.00,1,7,,SparePart 2.14.013 Hal 35,,,,,,,,,,
,,bolt,410.40.018.00,2,8,,SparePart 2.14.013 Hal 35,,,,,,,,,,
,,lever,400.40.002.00,1,9,,SparePart 2.14.013 Hal 35,,,,,,,,,,
,,turn cylinder,30-40-002,1,10,,SparePart 2.14.013 Hal 35,,,,,,,,,,
,,joint ball M8 links ,31-00-382,1,11,,SparePart 2.14.013 Hal 35,,,,,,,,,,
,,joint ball M8,31-00-052,1,12,,SparePart 2.14.013 Hal 35,,,,,,,,,,
,,bolt,700.44.015.00,1,13,,SparePart 2.14.013 Hal 35,,,,,,,,,,
,,"U-washer d8,4 A2",52-10-001,4,14,,SparePart 2.14.013 Hal 35,,,,,,,,,,
,,tension rod,410.40.454.00,2,15,,SparePart 2.14.013 Hal 35,,,,,,,,,,
,,DU-bushes 08x10x10,31-00-424,2,16,,SparePart 2.14.013 Hal 35,,,,,,,,,,
,,hexagonal nut M8,51-10-001,1,17,,SparePart 2.14.013 Hal 35,,,,,,,,,,
,,hexagonal nut M08L ,51-10-020,1,18,,SparePart 2.14.013 Hal 35,,,,,,,,,,
,,hexagon screw M8x30,50-10-081,2,19,,SparePart 2.14.013 Hal 35,,,,,,,,,,
,,sliding block M8x10,31-00-680,1,20,,SparePart 2.14.013 Hal 35,,,,,,,,,,
,,throttle check valve M5x6,30-10-030,1,21,,SparePart 2.14.013 Hal 35,,,,,,,,,,
,,adjustment ring A 08 DIN 705,31-00-165,2,22,,SparePart 2.14.013 Hal 35,,,,,,,,,,
,,hexagon screw,50-10-177,2,23,,SparePart 2.14.013 Hal 35,,,,,,,,,,
,,"U-washer 6,4",52-10-002,4,24,,SparePart 2.14.013 Hal 35,,,,,,,,,,
,,DU-bushes 10x12x10,31-00-121,2,25,,SparePart 2.14.013 Hal 35,,,,,,,,,,
,,mountining kit,30-50-224,1,26,,SparePart 2.14.013 Hal 35,,,,,,,,,,
,,switch,30-50-100,1,27,,SparePart 2.14.013 Hal 35,,,,,,,,,,
,,Socket insert,30-50-168,1,28,,SparePart 2.14.013 Hal 35,,,,,,,,,,
,,cylinder screw M5x25 VA,50-10-013 Zylinderschraube M5x25 VA DIN912,2,29,,SparePart 2.14.013 Hal 35,,,,,,,,,,
,,toothed disc,52-00-005,2,30,,SparePart 2.14.013 Hal 35,,,,,,,,,,
,,hexagon screw M06x16 A2,50-10-075,2,31,,SparePart 2.14.013 Hal 35,,,,,,,,,,
,,Frame  ,32-00-064,1,32,,SparePart 2.14.013 Hal 35,,,,,,,,,,
,,plug,32-00-070,1,33,,SparePart 2.14.013 Hal 35,,,,,,,,,,
,Drive,universal support D53,410.40.238.00.3,1,1,,SparePart 2.14.013 Hal 36,,,,,,,,,,
,,connecting plate,410.40.258.00,1,2,,SparePart 2.14.013 Hal 36,,,,,,,,,,
,,hexagon screw M06x25,50-10-062,2,3,,SparePart 2.14.013 Hal 36,,,,,,,,,,
,,countersenk screw M06x20 A2,50-10-127,2,4,,SparePart 2.14.013 Hal 36,,,,,,,,,,
,,"U-washer 6,4",52-10-002,8,5,,SparePart 2.14.013 Hal 36,,,,,,,,,,
,,hexagon screw,50-10-097,2,6,,SparePart 2.14.013 Hal 36,,,,,,,,,,
,,sliding bearing 10x12x10,31-02-379,2,7,,SparePart 2.14.013 Hal 36,,,,,,,,,,
,,shaft D10h6 L117,410.40.096.00.4,1,8,,SparePart 2.14.013 Hal 36,,,,,,,,,,
,,"attempt washer D20 d10 L1,5",31-02-903,2,9,,SparePart 2.14.013 Hal 36,,,,,,,,,,
,,actuation,410.40.406.00,1,10,,SparePart 2.14.013 Hal 36,,,,,,,,,,
,,actuation,410.40.405.00,1,11,,SparePart 2.14.013 Hal 36,,,,,,,,,,
,,sliding bearing d008 D010 L010,31-02-247,2,12,,SparePart 2.14.013 Hal 36,,,,,,,,,,
,,bolt,410.40.018.00,2,13,,SparePart 2.14.013 Hal 36,,,,,,,,,,
,,adjustment ring A 08 DIN 705,31-00-165,2,14,,SparePart 2.14.013 Hal 36,,,,,,,,,,
,,connecting rod D006 M5 oder M6-M6,410.40.454.00,2,15,,SparePart 2.14.013 Hal 36,,,,,,,,,,
,,halter,410.40.643.00,1,16,,SparePart 2.14.013 Hal 36,,,,,,,,,,
,,hexagon screw  M6x20,50-10-010,4,17,,SparePart 2.14.013 Hal 36,,,,,,,,,,
,,bearing block,410.40.644.00,1,18,,SparePart 2.14.013 Hal 36,,,,,,,,,,
,,sliding bearing 08x10x09,31-02-135,2,19,,SparePart 2.14.013 Hal 36,,,,,,,,,,
,,swivel flange,410.40.645.00,1,20,,SparePart 2.14.013 Hal 36,,,,,,,,,,
,,shaft,250.000.194,1,21,,SparePart 2.14.013 Hal 36,,,,,,,,,,
,,screwed pin  M04x06 A2,50-10-019,2,22,,SparePart 2.14.013 Hal 36,,,,,,,,,,
,,cylinder,30-00-115,1,23,,SparePart 2.14.013 Hal 36,,,,,,,,,,
,,cylinder screw,50-10-079,4,24,,SparePart 2.14.013 Hal 36,,,,,,,,,,
,,threadet union M5x6,30-20-069,2,25,,SparePart 2.14.013 Hal 36,,,,,,,,,,
,,bolt D20 M8L M6R,410.40.646.00,1,26,,SparePart 2.14.013 Hal 36,,,,,,,,,,
,,hexagonal nut M06 A2,51-10-003,1,27,,SparePart 2.14.013 Hal 36,,,,,,,,,,
,,hexagonal nut M08L ,51-10-020,1,28,,SparePart 2.14.013 Hal 36,,,,,,,,,,
,,joint ball M8 links ,31-00-382,1,29,,SparePart 2.14.013 Hal 36,,,,,,,,,,
,,"U-washer d8,4 A2",52-10-001,2,30,,SparePart 2.14.013 Hal 36,,,,,,,,,,
,,hexagon screw M8x30,50-10-081,1,31,,SparePart 2.14.013 Hal 36,,,,,,,,,,
,,sliding block M8x10,31-00-680,1,32,,SparePart 2.14.013 Hal 36,,,,,,,,,,
,,prox switch  M12 ,32-00-603,1,33,,SparePart 2.14.013 Hal 36,,,,,,,,,,
,,sicket insert,32-00-070,1,34,,SparePart 2.14.013 Hal 36,,,,,,,,,,
,,connector housing V20,32-00-064,1,35,,SparePart 2.14.013 Hal 36,,,,,,,,,,
,Drive,universal support D53,410.40.238.00.3,1,1,,SparePart 2.14.013 Hal 37,,,,,,,,,,
,,connecting plate,410.40.258.00,1,2,,SparePart 2.14.013 Hal 37,,,,,,,,,,
,,hexagon screw M06x25,50-10-062,2,3,,SparePart 2.14.013 Hal 37,,,,,,,,,,
,,countersenk screw M06x20 A2,50-10-127,2,4,,SparePart 2.14.013 Hal 37,,,,,,,,,,
,,"U-washer 6,4",52-10-002,8,5,,SparePart 2.14.013 Hal 37,,,,,,,,,,
,,hexagon screw,50-10-097,2,6,,SparePart 2.14.013 Hal 37,,,,,,,,,,
,,sliding bearing 10x12x10,31-02-379,2,7,,SparePart 2.14.013 Hal 37,,,,,,,,,,
,,shaft D10h6 L117,410.40.097.00,1,8,,SparePart 2.14.013 Hal 37,,,,,,,,,,
,,"attempt washer D20 d10 L1,5",31-02-903,2,9,,SparePart 2.14.013 Hal 37,,,,,,,,,,
,,actuation,410.40.406.00,1,10,,SparePart 2.14.013 Hal 37,,,,,,,,,,
,,actuation,410.40.405.00,1,11,,SparePart 2.14.013 Hal 37,,,,,,,,,,
,,sliding bearing d008 D010 L010,31-02-247,2,12,,SparePart 2.14.013 Hal 37,,,,,,,,,,
,,bolt,410.40.018.00,2,13,,SparePart 2.14.013 Hal 37,,,,,,,,,,
,,adjustment ring A 08 DIN 705,31-00-165,2,14,,SparePart 2.14.013 Hal 37,,,,,,,,,,
,,connecting rod D006 M5 oder M6-M6,410.40.454.00,2,15,,SparePart 2.14.013 Hal 37,,,,,,,,,,
,,halter,410.40.643.00,1,16,,SparePart 2.14.013 Hal 37,,,,,,,,,,
,,hexagon screw  M6x20,50-10-010,4,17,,SparePart 2.14.013 Hal 37,,,,,,,,,,
,,bearing block,410.40.644.00,1,18,,SparePart 2.14.013 Hal 37,,,,,,,,,,
,,sliding bearing 08x10x09,31-02-135,2,19,,SparePart 2.14.013 Hal 37,,,,,,,,,,
,,swivel flange,410.40.645.00,1,20,,SparePart 2.14.013 Hal 37,,,,,,,,,,
,,shaft,250.000.194,1,21,,SparePart 2.14.013 Hal 37,,,,,,,,,,
,,screwed pin  M04x06 A2,50-10-019,2,22,,SparePart 2.14.013 Hal 37,,,,,,,,,,
,,cylinder,30-00-115,1,23,,SparePart 2.14.013 Hal 37,,,,,,,,,,
,,cylinder screw,50-10-079,4,24,,SparePart 2.14.013 Hal 37,,,,,,,,,,
,,threadet union M5x6,30-20-069,2,25,,SparePart 2.14.013 Hal 37,,,,,,,,,,
,,bolt D20 M8L M6R,410.40.646.00,1,26,,SparePart 2.14.013 Hal 37,,,,,,,,,,
,,hexagonal nut M06 A2,51-10-003,1,27,,SparePart 2.14.013 Hal 37,,,,,,,,,,
,,hexagonal nut M08L ,51-10-020,1,28,,SparePart 2.14.013 Hal 37,,,,,,,,,,
,,joint ball M8 links ,31-00-382,1,29,,SparePart 2.14.013 Hal 37,,,,,,,,,,
,,"U-washer d8,4 A2",52-10-001,2,30,,SparePart 2.14.013 Hal 37,,,,,,,,,,
,,hexagon screw M8x30,50-10-081,1,31,,SparePart 2.14.013 Hal 37,,,,,,,,,,
,,sliding block M8x10,31-00-680,1,32,,SparePart 2.14.013 Hal 37,,,,,,,,,,
,,prox switch  M12 ,32-00-603,1,33,,SparePart 2.14.013 Hal 37,,,,,,,,,,
,,sicket insert,32-00-070,1,34,,SparePart 2.14.013 Hal 37,,,,,,,,,,
,,connector housing V20,32-00-064,1,35,,SparePart 2.14.013 Hal 37,,,,,,,,,,
,Horizontal feeder auger,horizontal feeder auger D150,3.470.01.036.00,1,1,,SparePart 2.14.013 Hal 38,,,,,,,,,,
,,drive,3.470.06.007.00-E-A 1714,1,2,,SparePart 2.14.013 Hal 38,,,,,,,,,,
,,query,3.470.05.001.00-3.470.00.035.00,1,3,,SparePart 2.14.013 Hal 38,,,,,,,,,,
,,clamp D154,470.01.070.00,2,4,,SparePart 2.14.013 Hal 38,,,,,,,,,,
,,holder D154,470.01.072.00,2,5,,SparePart 2.14.013 Hal 38,,,,,,,,,,
,Cover gas flushing,cover,480.23.055.00,1,1,,SparePart 2.14.013 Hal 39,,,,,,,,,,
,,sealing strip,31-01-775 (3.480.23.027.00),1,2,,SparePart 2.14.013 Hal 39,,,,,,,,,,
,,"washer  6,4",52-10-002,4,3,,SparePart 2.14.013 Hal 39,,,,,,,,,,
,,hexagon screw M06x25,50-10-062,4,4,,SparePart 2.14.013 Hal 39,,,,,,,,,,
,Gasflushing system,tube,480.23.063.00,1,1,,SparePart 2.14.013 Hal 40,,,,,,,,,,
,,threadet rod M06 L040,2.5500.0017,1,2,,SparePart 2.14.013 Hal 40,,,,,,,,,,
,,cylinder,30-00-114,1,3,,SparePart 2.14.013 Hal 40,,,,,,,,,,
,,magnet valve 3/8-2/2-Wege 24V,30-10-021,1,4,,SparePart 2.14.013 Hal 40,,,,,,,,,,
,,plug connection R1/8x8,30-20-025,1,5,,SparePart 2.14.013 Hal 40,,,,,,,,,,
,,plug connection Mini,30-20-164,2,6,,SparePart 2.14.013 Hal 40,,,,,,,,,,
,,L-union G1/4x8,30-20-171,21,7,,SparePart 2.14.013 Hal 40,,,,,,,,,,
,,"sealing ring 3/8"" ",30-30-006,2,8,,SparePart 2.14.013 Hal 40,,,,,,,,,,
,,"hexagonal nipple R3/8""x1/4""",30-50-017,1,9,,SparePart 2.14.013 Hal 40,,,,,,,,,,
,,"theradet socket  R 3/8"" x 9",30-50-152,1,10,,SparePart 2.14.013 Hal 40,,,,,,,,,,
,,"locking screw R3/8""",30-50-181,1,11,,SparePart 2.14.013 Hal 40,,,,,,,,,,
,,"locking screw R1/4""",30-50-183,3,12,,SparePart 2.14.013 Hal 40,,,,,,,,,,
,,hose,30-50-201_3.480.23.035.00,1,13,,SparePart 2.14.013 Hal 40,,,,,,,,,,
,,hexagonal nut G3/8,30-50-588,1,14,,SparePart 2.14.013 Hal 40,,,,,,,,,,
,,bellow,31-00-537,1,15,,SparePart 2.14.013 Hal 40,,,,,,,,,,
,,flow controller,31-03-095,3,16,,SparePart 2.14.013 Hal 40,,,,,,,,,,
,,"cable union M12x1,5 Ms",32-01-338,2,17,,SparePart 2.14.013 Hal 40,,,,,,,,,,
,,"hexagonal nut M12x1,5 Ms",32-01-346,2,18,,SparePart 2.14.013 Hal 40,,,,,,,,,,
,,"locking screw M12x1,5 Ms",32-01-349,2,19,,SparePart 2.14.013 Hal 40,,,,,,,,,,
,,hexagon screw M6x10 A2,50-10-093,1,20,,SparePart 2.14.013 Hal 40,,,,,,,,,,
,,lins head M4x06 A2,50-10-171,6,21,,SparePart 2.14.013 Hal 40,,,,,,,,,,
,,hexagonal nut M06 A2,51-10-003,8,22,,SparePart 2.14.013 Hal 40,,,,,,,,,,
,,"washer 6,4",52-10-002,10,23,,SparePart 2.14.013 Hal 40,,,,,,,,,,
,,"washer  d06,4 A2",52-10-006,1,24,,SparePart 2.14.013 Hal 40,,,,,,,,,,
,,divider,181.23.022.00,4,25,,SparePart 2.14.013 Hal 40,,,,,,,,,,
,,locking plate,181.23.025.00,2,26,,SparePart 2.14.013 Hal 40,,,,,,,,,,
,,flange D180 H051,480.23.047.00,1,27,,SparePart 2.14.013 Hal 40,,,,,,,,,,
,,tube,181.23.030.00,2,28,,SparePart 2.14.013 Hal 40,,,,,,,,,,
,,holder,181.23.056.00,1,29,,SparePart 2.14.013 Hal 40,,,,,,,,,,
,,washer,181.23.057.00,1,30,,SparePart 2.14.013 Hal 40,,,,,,,,,,
,,frame B220 H200 T160,480.01.006.00,1,31,,SparePart 2.14.013 Hal 40,,,,,,,,,,
,,cover B212 H192 T1.5,480.01.007.00,1,32,,SparePart 2.14.013 Hal 40,,,,,,,,,,
,,washer d006 D040 L003,2.0127.0033,1,33,,SparePart 2.14.013 Hal 40,,,,,,,,,,
,,O-sealing 150x3,31-02-964,1,34,,SparePart 2.14.013 Hal 40,,,,,,,,,,
,,O-sealing 124x3,31-02-965,1,35,,SparePart 2.14.013 Hal 40,,,,,,,,,,
,,support for tube D32,480.23.046.00,2,36,,SparePart 2.14.013 Hal 40,,,,,,,,,,
,,hexagon screw M6x35 A2,50-10-063,4,37,,SparePart 2.14.013 Hal 40,,,,,,,,,,
,,threaded piece M6x14,31-01-475,4,38,,SparePart 2.14.013 Hal 40,,,,,,,,,,
,,clamping device,480.23.059.00,1,39,,SparePart 2.14.013 Hal 40,,,,,,,,,,
,,O-sealing 40x3,31-03-197,1,40,,SparePart 2.14.013 Hal 40,,,,,,,,,,
,,support for tube D52,480.23.051.00,2,41,,SparePart 2.14.013 Hal 40,,,,,,,,,,
,,spacer D030 L050,480.01.023.00,2,42,,SparePart 2.14.013 Hal 40,,,,,,,,,,
,,hexagonal nut M8,51-10-001,2,43,,SparePart 2.14.013 Hal 40,,,,,,,,,,
,,hexagon screw M8x25,50-10-067,2,44,,SparePart 2.14.013 Hal 40,,,,,,,,,,
,,"washer d8,4 A2",52-10-001,2,45,,SparePart 2.14.013 Hal 40,,,,,,,,,,
,,clamping ring DIN32676 DN25-40,30-50-661,1,46,,SparePart 2.14.013 Hal 40,,,,,,,,,,
,,star knob M8x40 VA,31-00-621,2,47,,SparePart 2.14.013 Hal 40,,,,,,,,,,
,,threaded rod  M08 L060,2.5500.0055,2,48,,SparePart 2.14.013 Hal 40,,,,,,,,,,
,Handover 3-fold,frame,3.700.01.046.00,1,1,,SparePart 2.14.013 Hal 41,,,,,,,,,,
,,flop station,3.700.44.107.00-RH,3,2,,SparePart 2.14.013 Hal 41,,,,,,,,,,
,,pneumatic locking,3.700.01.036.00,1,3,,SparePart 2.14.013 Hal 41,,,,,,,,,,
,,pneumatic locking,3.700.01.036.00,1,4,,SparePart 2.14.013 Hal 41,,,,,,,,,,
,,adjusting 3-fold handover,3.700.44.087.00-RH,1,5,,SparePart 2.14.013 Hal 41,,,,,,,,,,
,,infeed belt BB280 BL400 GB220 VA,3.700.33.027.01,1,6,,SparePart 2.14.013 Hal 41,,,,,,,,,,
,,bag ritaining station RH-LH,3.700.44.079.00,1,7,,SparePart 2.14.013 Hal 41,,,,,,,,,,
,,bag guidance RH,3.700.44.080.00,1,8,,SparePart 2.14.013 Hal 41,,,,,,,,,,
,Pneumatic locking,block,700.01.390.00,1,1,,SparePart 2.14.013 Hal 42,,,,,,,,,,
,,bolt,700.01.391.00,1,2,,SparePart 2.14.013 Hal 42,,,,,,,,,,
,,cylinder,30-00-478,1,3,,SparePart 2.14.013 Hal 42,,,,,,,,,,
,,sliding ring,31-01-935,1,4,,SparePart 2.14.013 Hal 42,,,,,,,,,,
,,closing ledge,700.01.392.00,1,5,,SparePart 2.14.013 Hal 42,,,,,,,,,,
,,retaining ledge,700.44.327.00,1,6,,SparePart 2.14.013 Hal 42,,,,,,,,,,
,,clamping plate,700.01.395.00,1,7,,SparePart 2.14.013 Hal 42,,,,,,,,,,
,,"u-washer 6,4",52-10-002,6,8,,SparePart 2.14.013 Hal 42,,,,,,,,,,
,,"u-washer 5,3",52-10-004,2,9,,SparePart 2.14.013 Hal 42,,,,,,,,,,
,,hexagon screw m6x50,50-10-097,2,10,,SparePart 2.14.013 Hal 42,,,,,,,,,,
,,hexagon nut m6,51-10-003,2,11,,SparePart 2.14.013 Hal 42,,,,,,,,,,
,,hexagon screw m5x16,50-10-091,2,12,,SparePart 2.14.013 Hal 42,,,,,,,,,,
,,hexagon screw m6x25,50-10-062,2,13,,SparePart 2.14.013 Hal 42,,,,,,,,,,
,Housing right 3-fold handover,frame,700.01.237.00,1,1,,SparePart 2.14.013 Hal 43,,,,,,,,,,
,,front plate,700.01.565.00,1,2,,SparePart 2.14.013 Hal 43,,,,,,,,,,
,,ground plate,700.01.107.00,1,3,,SparePart 2.14.013 Hal 43,,,,,,,,,,
,,lateral plate exterior,700.01.562.00,1,4,,SparePart 2.14.013 Hal 43,,,,,,,,,,
,,lateral plate inner,700.01.446.00,1,5,,SparePart 2.14.013 Hal 43,,,,,,,,,,
,,top plate,700.01.393.00,1,6,,SparePart 2.14.013 Hal 43,,,,,,,,,,
,,space plate,700.01.378.01,1,7,,SparePart 2.14.013 Hal 43,,,,,,,,,,
,,stanchion right,700.01.563.00,1,8,,SparePart 2.14.013 Hal 43,,,,,,,,,,
,,stanchion left,700.01.564.00,1,9,,SparePart 2.14.013 Hal 43,,,,,,,,,,
,,shore,700.01.427.01,1,10,,SparePart 2.14.013 Hal 43,,,,,,,,,,
,,shore,700.01.428.01,1,11,,SparePart 2.14.013 Hal 43,,,,,,,,,,
,,locking piece,700.01.111.00,4,12,,SparePart 2.14.013 Hal 43,,,,,,,,,,
,,hinge,31-00-229,4,13,,SparePart 2.14.013 Hal 43,,,,,,,,,,
,,weldet frame,700.01.569.00,1,14,,SparePart 2.14.013 Hal 43,,,,,,,,,,
,,shore center  VA L743,700.01.431.00,1,15,,SparePart 2.14.013 Hal 43,,,,,,,,,,
,,hinge 50x50 VA,31-02-040_180-Grad,4,16,,SparePart 2.14.013 Hal 43,,,,,,,,,,
,,cover right RH,700.01.442.01,1,17,,SparePart 2.14.013 Hal 43,,,,,,,,,,
,,cover left LH,700.01.443.01,1,18,,SparePart 2.14.013 Hal 43,,,,,,,,,,
,,rubber buffer M6 D=18xh=9,31-02-076,4,19,,SparePart 2.14.013 Hal 43,,,,,,,,,,
,,stopper,700.01.388.00,2,20,,SparePart 2.14.013 Hal 43,,,,,,,,,,
,,fixture,700.01.011.00,4,21,,SparePart 2.14.013 Hal 43,,,,,,,,,,
,,gudgeon M4,201.200.003,4,22,,SparePart 2.14.013 Hal 43,,,,,,,,,,
,,actuator Nr.: 101213820,32-03-280,3,23,,SparePart 2.14.013 Hal 43,,,,,,,,,,
,,washer,2.0127.0035,4,24,,SparePart 2.14.013 Hal 43,,,,,,,,,,
,,safety sensor Nr.: 101213954,32-03-279,3,25,,SparePart 2.14.013 Hal 43,,,,,,,,,,
,,input D13.7 d6.0 H03.5,700.01.191.00,16,26,,SparePart 2.14.013 Hal 43,,,,,,,,,,
,,bottom cover,700.01.434.00,2,27,,SparePart 2.14.013 Hal 43,,,,,,,,,,
,,washer,2.0127.0027,20,28,,SparePart 2.14.013 Hal 43,,,,,,,,,,
,,stopper left LH ,700.01.193.00,1,29,,SparePart 2.14.013 Hal 43,,,,,,,,,,
,,stopper right RH,700.01.194.00,1,30,,SparePart 2.14.013 Hal 43,,,,,,,,,,
,,gudgeon M3,201.200.004,4,31,,SparePart 2.14.013 Hal 43,,,,,,,,,,
,,door magnet ,31-01-252,2,32,,SparePart 2.14.013 Hal 43,,,,,,,,,,
,,front cover,700.01.352.00,1,33,,SparePart 2.14.013 Hal 43,,,,,,,,,,
,,front cover,700.01.396.00,1,34,,SparePart 2.14.013 Hal 43,,,,,,,,,,
,,handle 120x43 /VA,31-01-299,2,35,,SparePart 2.14.013 Hal 43,,,,,,,,,,
,,distance bushing  D10L012d5.2,2.4000.0005,2,36,,SparePart 2.14.013 Hal 43,,,,,,,,,,
,,fastening plate,700.01.156.00,1,37,,SparePart 2.14.013 Hal 43,,,,,,,,,,
,,identification sensor,32-01-165,1,38,,SparePart 2.14.013 Hal 43,,,,,,,,,,
,,retaining ledge,700.01.436.00,2,39,,SparePart 2.14.013 Hal 43,,,,,,,,,,
,,fastening rail,700.01.283.00,4,40,,SparePart 2.14.013 Hal 43,,,,,,,,,,
,,cover angle,700.01.435.00,1,41,,SparePart 2.14.013 Hal 43,,,,,,,,,,
,,"cable union M12x1,5 KU",32-01-378,5,42,,SparePart 2.14.013 Hal 43,,,,,,,,,,
,,"U-washer 6,4",52-10-002,10,43,,SparePart 2.14.013 Hal 43,,,,,,,,,,
,,"cable union M16x1,5 Ms",32-01-339,1,44,,SparePart 2.14.013 Hal 43,,,,,,,,,,
,,plug connection R1/8 x 6,30-20-015,1,45,,SparePart 2.14.013 Hal 43,,,,,,,,,,
,,"magnet valve 1/8""",30-10-017,2,46,,SparePart 2.14.013 Hal 43,,,,,,,,,,
,,electric plate,700.01.566.00,1,47,,SparePart 2.14.013 Hal 43,,,,,,,,,,
,,"U-washer d8,4 A2",52-10-001,12,48,,SparePart 2.14.013 Hal 43,,,,,,,,,,
,,hexagonal nut M8,51-10-001,8,49,,SparePart 2.14.013 Hal 43,,,,,,,,,,
,,distance bushing,2.4000.0017,4,50,,SparePart 2.14.013 Hal 43,,,,,,,,,,
,,screwd pin M08x60 A2,50-10-292,4,51,,SparePart 2.14.013 Hal 43,,,,,,,,,,
,,"filter fan 230V 148,5x148,5",32-00-140,1,52,,SparePart 2.14.013 Hal 43,,,,,,,,,,
,,"outlet filter 148,5x148,5",32-00-142,1,53,,SparePart 2.14.013 Hal 43,,,,,,,,,,
,,clousing angle,700.01.336.00,2,54,,SparePart 2.14.013 Hal 43,,,,,,,,,,
,,ledge LED 300mm,32-03-257,1,55,,SparePart 2.14.013 Hal 43,,,,,,,,,,
,,magnet holder,32-03-258,2,56,,SparePart 2.14.013 Hal 43,,,,,,,,,,
,,hexagon screw M06x16 A2,50-10-075,8,57,,SparePart 2.14.013 Hal 43,,,,,,,,,,
,,guidance rail Gr.06 L510 ,700.01.439.00,2,58,,SparePart 2.14.013 Hal 43,,,,,,,,,,
,,bearing housing J200Qm-Lager,31-03-389,6,59,,SparePart 2.14.013 Hal 43,,,,,,,,,,
,,guidance rail Gr.06 L510 ,31-03-371,1,60,,SparePart 2.14.013 Hal 43,,,,,,,,,,
,,ledge,700.01.437.00,2,61,,SparePart 2.14.013 Hal 43,,,,,,,,,,
,,retaining ledge,700.01.438.00,1,62,,SparePart 2.14.013 Hal 43,,,,,,,,,,
,,wire duct,32-03-210,2,63,,SparePart 2.14.013 Hal 43,,,,,,,,,,
,,frame door top,700.01.567.00,1,64,,SparePart 2.14.013 Hal 43,,,,,,,,,,
,,inspection glass 343x403,700.01.338.00,2,65,,SparePart 2.14.013 Hal 43,,,,,,,,,,
,,frame door bottom,700.01.568.00,1,66,,SparePart 2.14.013 Hal 43,,,,,,,,,,
,,hinget foot M16x115 D=100,31-02-065,4,67,,SparePart 2.14.013 Hal 43,,,,,,,,,,
,,distance D016 L015 M4,700.01.201.00,2,68,,SparePart 2.14.013 Hal 43,,,,,,,,,,
,,space plate,700.01.394.00,1,69,,SparePart 2.14.013 Hal 43,,,,,,,,,,
,,rubber clamping profile EPDM,47-00-003,1,70,,SparePart 2.14.013 Hal 43,,,,,,,,,,
,,rubber dumper profile 3,47-00-004,1,71,,SparePart 2.14.013 Hal 43,,,,,,,,,,
,,rubber clamping profile EPDM,47-00-003,1,72,,SparePart 2.14.013 Hal 43,,,,,,,,,,
,,rubber dumper profile 3,47-00-004,1,73,,SparePart 2.14.013 Hal 43,,,,,,,,,,
,,seal 1003-01,31-00-597,1,74,,SparePart 2.14.013 Hal 43,,,,,,,,,,
,,seal 1003-01,31-00-597,1,75,,SparePart 2.14.013 Hal 43,,,,,,,,,,
,,clamping plate,700.01.395.00,4,76,,SparePart 2.14.013 Hal 43,,,,,,,,,,
,,holder,700.01.518.00,4,77,,SparePart 2.14.013 Hal 43,,,,,,,,,,
,,holding bolt,700.01.519.00,4,78,,SparePart 2.14.013 Hal 43,,,,,,,,,,
,,holding bolt,700.01.499.00,2,79,,SparePart 2.14.013 Hal 43,,,,,,,,,,
,,pressure spring,Gasdruckfeder_Hub100mm,4,80,,SparePart 2.14.013 Hal 43,,,,,,,,,,
,,holder,700.01.572.00,2,81,,SparePart 2.14.013 Hal 43,,,,,,,,,,
,,dwell angle,700.01.573.00,1,82,,SparePart 2.14.013 Hal 43,,,,,,,,,,
,Oberband BB280 BL400 GB220 VA,bearing d012D032B014 VA,31-02-101,2,1,,SparePart 2.14.013 Hal 44,,,,,,,,,,
,,tension piece,510.01.030.01,2,2,,SparePart 2.14.013 Hal 44,,,,,,,,,,
,,shaft L=260,2.5002.0003,2,3,,SparePart 2.14.013 Hal 44,,,,,,,,,,
,,tension shaft,520.08.056.00,1,4,,SparePart 2.14.013 Hal 44,,,,,,,,,,
,,tension roller L256,700.33.195.00,1,5,,SparePart 2.14.013 Hal 44,,,,,,,,,,
,,bearing d012D028B08,31-00-384_RKL,2,6,,SparePart 2.14.013 Hal 44,,,,,,,,,,
,,holder angle,700.33.086.00,4,7,,SparePart 2.14.013 Hal 44,,,,,,,,,,
,,plate B100 L280,700.33.198.00,1,8,,SparePart 2.14.013 Hal 44,,,,,,,,,,
,,distance bushes,2.4000.0153,2,9,,SparePart 2.14.013 Hal 44,,,,,,,,,,
,,hexagon screw M5x60,50-10-173,2,10,,SparePart 2.14.013 Hal 44,,,,,,,,,,
,,Getriebemotor 50W i=5 mit Controller,34-00-557,1,11,,SparePart 2.14.013 Hal 44,,,,,,,,,,
,,connection box,520.06.001.00,1,12,,SparePart 2.14.013 Hal 44,,,,,,,,,,
,,feather key 4x4x10,31-00-711_Paßfeder,1,13,,SparePart 2.14.013 Hal 44,,,,,,,,,,
,,side part,700.33.197.00,2,14,,SparePart 2.14.013 Hal 44,,,,,,,,,,
,,cover sheet,520.01.033.01,1,15,,SparePart 2.14.013 Hal 44,,,,,,,,,,
,,belt 825x220,31-01-088,1,16,,SparePart 2.14.013 Hal 44,,,,,,,,,,
,,timing belt Br.10/Lg 270,31-00-872(3.700.33.003.01),1,17,,SparePart 2.14.013 Hal 44,,,,,,,,,,
,,spur gear T5 Zz=20,2.1500.0114,1,18,,SparePart 2.14.013 Hal 44,,,,,,,,,,
,,bag guidance left,700.33.200.00,1,19,,SparePart 2.14.013 Hal 44,,,,,,,,,,
,,bag duidance right,700.33.201.00,1,20,,SparePart 2.14.013 Hal 44,,,,,,,,,,
,,"U-washer d5,4 A2",52-10-011,4,21,,SparePart 2.14.013 Hal 44,,,,,,,,,,
,,motor plate,700.33.189.00,1,22,,SparePart 2.14.013 Hal 44,,,,,,,,,,
,,drive roller D035 L300,700.33.194.00,1,23,,SparePart 2.14.013 Hal 44,,,,,,,,,,
,,spur gear B10/Zz=25/d15 Nut,2.1500.0118,1,24,,SparePart 2.14.013 Hal 44,,,,,,,,,,
,,drive plate right RH,520.01.161.00,1,25,,SparePart 2.14.013 Hal 44,,,,,,,,,,
,,cover,700.33.204.00,1,26,,SparePart 2.14.013 Hal 44,,,,,,,,,,
,,bolt  M05x25,31-02-061,2,27,,SparePart 2.14.013 Hal 44,,,,,,,,,,
,,knurled head screw M05x20 VA,31-01-983,4,28,,SparePart 2.14.013 Hal 44,,,,,,,,,,
,,window,700.33.205.00,1,29,,SparePart 2.14.013 Hal 44,,,,,,,,,,
,,"u-washer 5,3",52-10-004,2,30,,SparePart 2.14.013 Hal 44,,,,,,,,,,
,,hexagon screw m5x10,50-10-089,2,31,,SparePart 2.14.013 Hal 44,,,,,,,,,,
,,"u-washer 4,3","52-10-009_U-Scheibed04,3",4,32,,SparePart 2.14.013 Hal 44,,,,,,,,,,
,,hexagon screw m4x8,50-10-086,4,33,,SparePart 2.14.013 Hal 44,,,,,,,,,,
,Bag retaining station 3-fold,stopper bar,700.44.195.00,1,1,,SparePart 2.14.013 Hal 45,,,,,,,,,,
,,stopper bar,700.44.298.00,1,2,,SparePart 2.14.013 Hal 45,,,,,,,,,,
,,stopper,700.44.223.00,1,3,,SparePart 2.14.013 Hal 45,,,,,,,,,,
,Bag guidance,angle RH,700.44.295.00,1,1,,SparePart 2.14.013 Hal 46,,,,,,,,,,
,,sheet,700.44.305.00,1,2,,SparePart 2.14.013 Hal 46,,,,,,,,,,
,,"U-washer 6,4",52-10-002,3,3,,SparePart 2.14.013 Hal 46,,,,,,,,,,
,,hexagon screw M6x20,50-10-010,1,4,,SparePart 2.14.013 Hal 46,,,,,,,,,,
,,hexagon screw M6x35 A2,50-10-063,2,5,,SparePart 2.14.013 Hal 46,,,,,,,,,,
,Adjusting 3-fold handover,ledge,700.44.304.00,2,1,,SparePart 2.14.013 Hal 47,,,,,,,,,,
,,spindle,700.01.043.00,1,2,,SparePart 2.14.013 Hal 47,,,,,,,,,,
,,adjustment nut,700.01.044.00,1,3,,SparePart 2.14.013 Hal 47,,,,,,,,,,
,,adjustment nut,700.01.045.00,1,4,,SparePart 2.14.013 Hal 47,,,,,,,,,,
,,position indicator LH t3.0,31-02-851,1,5,,SparePart 2.14.013 Hal 47,,,,,,,,,,
,,linear set EGH15CA-1-T140-ZOH,31-02-528-für 3.700.44.013.02,4,6,,SparePart 2.14.013 Hal 47,,,,,,,,,,
,,holding arm LH,700.44.333.00,1,7,,SparePart 2.14.013 Hal 47,,,,,,,,,,
,,holder,700.44.203.00,1,8,,SparePart 2.14.013 Hal 47,,,,,,,,,,
,,holding arm RH,700.44.334.00,1,9,,SparePart 2.14.013 Hal 47,,,,,,,,,,
,,hand wheel D=50mm,31-00-554,1,10,,SparePart 2.14.013 Hal 47,,,,,,,,,,
,,hexagon mit m10 L,51-10-045,1,11,,SparePart 2.14.013 Hal 47,,,,,,,,,,
,,bushes 15x20x25x7,700.44.259.00,1,12,,SparePart 2.14.013 Hal 47,,,,,,,,,,
,,shaft,700.01.049.00,1,13,,SparePart 2.14.013 Hal 47,,,,,,,,,,
,,guiding bar lh top,700.44.323.00,1,14,,SparePart 2.14.013 Hal 47,,,,,,,,,,
,,guiding bar rh top,700.44.324.00,1,15,,SparePart 2.14.013 Hal 47,,,,,,,,,,
,,guiding bar lh,700.44.349.00,2,16,,SparePart 2.14.013 Hal 47,,,,,,,,,,
,,guiding bar rh,700.44.350.00,2,17,,SparePart 2.14.013 Hal 47,,,,,,,,,,
,,halder bar,700.44.327.00,6,18,,SparePart 2.14.013 Hal 47,,,,,,,,,,
,,holder sensor,700.44.330.00,1,19,,SparePart 2.14.013 Hal 47,,,,,,,,,,
,,holder,700.44.331.00,1,20,,SparePart 2.14.013 Hal 47,,,,,,,,,,
,,reflector 20x40,32-01-967,1,21,,SparePart 2.14.013 Hal 47,,,,,,,,,,
,,reflection light barrier,32-02-251,1,22,,SparePart 2.14.013 Hal 47,,,,,,,,,,
,Right adjusting,ledge,700.44.304.00,2,1,,SparePart 2.14.013 Hal 48,,,,,,,,,,
,,adjusting nut,700.01.044.00,1,2,,SparePart 2.14.013 Hal 48,,,,,,,,,,
,,adjusting nut,700.01.045.00,1,3,,SparePart 2.14.013 Hal 48,,,,,,,,,,
,,linear set EGH15CA-1-T140-ZOH,31-02-528,4,4,,SparePart 2.14.013 Hal 48,,,,,,,,,,
,,holding arm left,700.44.333.00,1,5,,SparePart 2.14.013 Hal 48,,,,,,,,,,
,,holding arm right,700.44.334.00,1,6,,SparePart 2.14.013 Hal 48,,,,,,,,,,
,,guide bar left top,700.44.323.00,1,7,,SparePart 2.14.013 Hal 48,,,,,,,,,,
,,guide bar right top,700.44.324.00,1,8,,SparePart 2.14.013 Hal 48,,,,,,,,,,
,,guide bar left,700.44.349.00,2,9,,SparePart 2.14.013 Hal 48,,,,,,,,,,
,,guide bar right,700.44.350.00,2,10,,SparePart 2.14.013 Hal 48,,,,,,,,,,
,,retaining ledge,700.44.327.00,6,11,,SparePart 2.14.013 Hal 48,,,,,,,,,,
,,holder,700.44.330.00,1,12,,SparePart 2.14.013 Hal 48,,,,,,,,,,
,,holder,700.44.331.00,1,13,,SparePart 2.14.013 Hal 48,,,,,,,,,,
,,reflector 20x40,32-01-967,1,14,,SparePart 2.14.013 Hal 48,,,,,,,,,,
,,reflection light barrier,32-02-251,1,15,,SparePart 2.14.013 Hal 48,,,,,,,,,,
,,spindle,700.01.043.00,1,16,,SparePart 2.14.013 Hal 48,,,,,,,,,,
,,position indicator  LH t3.0,31-02-851,1,17,,SparePart 2.14.013 Hal 48,,,,,,,,,,
,,holder,700.44.203.00,1,18,,SparePart 2.14.013 Hal 48,,,,,,,,,,
,,hand wheel D=50mm,31-00-554,1,19,,SparePart 2.14.013 Hal 48,,,,,,,,,,
,,hexagonal nut M10,51-10-045,1,20,,SparePart 2.14.013 Hal 48,,,,,,,,,,
,,bushes 15x20x25x7,700.44.259.00,1,21,,SparePart 2.14.013 Hal 48,,,,,,,,,,
,,shaft,700.01.049.00,1,22,,SparePart 2.14.013 Hal 48,,,,,,,,,,
,Panasonic Motor,Holder,700.44.005.00,1,1,,SparePart 2.14.013 Hal 49,,,,,,,,,,
,,Holder,700.44.006.00,1,2,,SparePart 2.14.013 Hal 49,,,,,,,,,,
,,Retaining plate (AT10 toothed profile),700.44.355.00,2,3,,SparePart 2.14.013 Hal 49,,,,,,,,,,
,,Clamping piece / Clamp block,700.44.008.00,1,4,,SparePart 2.14.013 Hal 49,,,,,,,,,,
,,"Timing belt pulley AT10 (14 teeth, belt width 16 mm)",700.44.354.00,1,5,,SparePart 2.14.013 Hal 49,,,,,,,,,,
,,Deep groove ball bearing (6001 2RS),31-00-021_RKL,2,6,,SparePart 2.14.013 Hal 49,,,,,,,,,,
,,"Linear guide set (500 mm rail + 2 carriages, bottom-mounted)",31-02-887-für 3.700.44.045.00,1,7,,SparePart 2.14.013 Hal 49,,,,,,,,,,
,,"Timing belt AT10 (Width: 16 mm, Length: 1080 mm)",31-03-381,1,8,,SparePart 2.14.013 Hal 49,,,,,,,,,,
,,Cross strut / Cross brace (for flap station),700.01.207.00,1,9,,SparePart 2.14.013 Hal 49,,,,,,,,,,
,,Spacer (for cross strut),700.01.131.00,2,10,,SparePart 2.14.013 Hal 49,,,,,,,,,,
,,Tensioning bolt / Clamping pin,700.44.178.00,1,11,,SparePart 2.14.013 Hal 49,,,,,,,,,,
,,Backing bracket / Counter-holder (for tensioner slide),700.44.179.00,1,12,,SparePart 2.14.013 Hal 49,,,,,,,,,,
,,Tensioning slide / Belt tensioner,700.44.180.00,1,13,,SparePart 2.14.013 Hal 49,,,,,,,,,,
,,Straight flap / Flap plate (flap station),700.44.294.00,2,14,,SparePart 2.14.013 Hal 49,,,,,,,,,,
,,External retaining ring / Circlip A12 DIN 471 (Stainless steel),31-00-697,1,15,,SparePart 2.14.013 Hal 49,,,,,,,,,,
,,Counter-holder / Backing bracket (for tensioning bolt),700.44.177.00,1,16,,SparePart 2.14.013 Hal 49,,,,,,,,,,
,,"Timing belt pulley AT10 (14 teeth, belt width 16 mm)",2.1500.0168,1,17,,SparePart 2.14.013 Hal 49,,,,,,,,,,
,,Lenze motor mounting bracket / Angle bracket,700.44.447.00,1,18,,SparePart 2.14.013 Hal 49,,,,,,,,,,
,,"Servo motor (U3000, 400V, 0.5 kW)",34-00-770,1,19,,SparePart 2.14.013 Hal 49,,,,,,,,,,
,Cover simple,shore back LH,852.01.219.00,1,1,,SparePart 2.14.013 Hal 50,,,,,,,,,,
,,shore edgewise center LH Mitte,852.01.209.00,1,2,,SparePart 2.14.013 Hal 50,,,,,,,,,,
,,shore edgewise RH Mitte,852.01.155.01,1,3,,SparePart 2.14.013 Hal 50,,,,,,,,,,
,,shore edgewise top RH-LH,852.01.159.00,42.04,4,,SparePart 2.14.013 Hal 50,,,,,,,,,,
,,shore edgewise center L0440,852.01.152.01,2,5,,SparePart 2.14.013 Hal 50,,,,,,,,,,
,,shore front left LH L0820,852.01.153.01,1,6,,SparePart 2.14.013 Hal 50,,,,,,,,,,
,,shore front right RH L0820,852.01.154.01,1,7,,SparePart 2.14.013 Hal 50,,,,,,,,,,
,,shore front top,852.01.200.00,1,8,,SparePart 2.14.013 Hal 50,,,,,,,,,,
,,shore front - bottom,852.01.201.00,1,9,,SparePart 2.14.013 Hal 50,,,,,,,,,,
,,shore back - top,852.01.202.00,1,10,,SparePart 2.14.013 Hal 50,,,,,,,,,,
,,lateral plate,852.01.164.00,2,11,,SparePart 2.14.013 Hal 50,,,,,,,,,,
,,lateral plate,852.01.166.00,2,12,,SparePart 2.14.013 Hal 50,,,,,,,,,,
,,door,852.01.205.00,2,13,,SparePart 2.14.013 Hal 50,,,,,,,,,,
,,hinge 50x50 VA,31-02-040_180-Grad,4,14,,SparePart 2.14.013 Hal 50,,,,,,,,,,
,,distance plate magnet,852.01.171.00,4,15,,SparePart 2.14.013 Hal 50,,,,,,,,,,
,,magnetic catch 8,31-02-514,5,16,,SparePart 2.14.013 Hal 50,,,,,,,,,,
,,handle 120x43 /VA,31-01-299,3,17,,SparePart 2.14.013 Hal 50,,,,,,,,,,
,,bolting device,3.852.01.033.00,1,18,,SparePart 2.14.013 Hal 50,,,,,,,,,,
,,bolting device,3.852.01.033.00,1,19,,SparePart 2.14.013 Hal 50,,,,,,,,,,
,,angle,852.01.192.00,2,20,,SparePart 2.14.013 Hal 50,,,,,,,,,,
,,sensor Nr.: 101213954,32-03-279,3,21,,SparePart 2.14.013 Hal 50,,,,,,,,,,
,,actuation Nr.: 101213820,32-03-280,3,22,,SparePart 2.14.013 Hal 50,,,,,,,,,,
,,gudgeon M4,2.0120.0003,6,23,,SparePart 2.14.013 Hal 50,,,,,,,,,,
,,gudgeon M6,2.0120.0001,26,24,,SparePart 2.14.013 Hal 50,,,,,,,,,,
,,block,852.01.206.00,24,25,,SparePart 2.14.013 Hal 50,,,,,,,,,,
,,pane,2.0127.0027,24,26,,SparePart 2.14.013 Hal 50,,,,,,,,,,
,,fixture,700.01.011.00,4,27,,SparePart 2.14.013 Hal 50,,,,,,,,,,
,,input D13.7 d6.0 H03.5,700.01.191.00,24,28,,SparePart 2.14.013 Hal 50,,,,,,,,,,
,,lateral plate,852.01.208.00,1,29,,SparePart 2.14.013 Hal 50,,,,,,,,,,
,,back plate,852.01.221.00,1,30,,SparePart 2.14.013 Hal 50,,,,,,,,,,
,,"hinge 76x50, VA",31-01-178,2,31,,SparePart 2.14.013 Hal 50,,,,,,,,,,
,,angle holder,852.01.196.00,1,32,,SparePart 2.14.013 Hal 50,,,,,,,,,,
,,holder,852.01.197.00,1,33,,SparePart 2.14.013 Hal 50,,,,,,,,,,
,,cam B4,780.01.076.00,6,34,,SparePart 2.14.013 Hal 50,,,,,,,,,,
,,"washer d008,5 D20 L005",2.0125.0107,6,35,,SparePart 2.14.013 Hal 50,,,,,,,,,,
,,"U-washer d08,4 A2 groß",52-10-019-Scheibe,6,36,,SparePart 2.14.013 Hal 50,,,,,,,,,,
,,distance bushing,2.4000.0087,8,37,,SparePart 2.14.013 Hal 50,,,,,,,,,,
,,cable basket tray 040x020 VA,32-02-465_L1005,1,38,,SparePart 2.14.013 Hal 50,,,,,,,,,,
,,"U-washer d06,4 A2 groß",52-10-006,8,39,,SparePart 2.14.013 Hal 50,,,,,,,,,,
,,cable basket tray 040x020 VA,32-02-465_L405,1,40,,SparePart 2.14.013 Hal 50,,,,,,,,,,
,,cable basket tray 040x020 VA,32-02-465_L1105,1,41,,SparePart 2.14.013 Hal 50,,,,,,,,,,
,,plate,125.20.146.00.4,4,42,,SparePart 2.14.013 Hal 50,,,,,,,,,,
,,cover plate,852.01.214.00,1,43,,SparePart 2.14.013 Hal 50,,,,,,,,,,
,,distance bushing,2.4000.0311,6,44,,SparePart 2.14.013 Hal 50,,,,,,,,,,
,,distance,852.01.198.00,2,45,,SparePart 2.14.013 Hal 50,,,,,,,,,,
,,bolting device,3.700.01.036.00,1,46,,SparePart 2.14.013 Hal 50,,,,,,,,,,
,,shore back RH,852.01.210.00,1,47,,SparePart 2.14.013 Hal 50,,,,,,,,,,
,spoon pulsing ratchet,separation ratchet,852.33.299.03,1,1,,SparePart 2.14.013 Hal 51,,,,,,,,,,
,,needle bush 8x10 8x10mm,31-01-254,1,2,,SparePart 2.14.013 Hal 51,,,,,,,,,,
,,shaft D08 L021 M4,2.5001.0112,1,3,,SparePart 2.14.013 Hal 51,,,,,,,,,,
,,washer,852.30.021.00.4,1,4,,SparePart 2.14.013 Hal 51,,,,,,,,,,
,,joint ball m6,31-00-420,1,5,,SparePart 2.14.013 Hal 51,,,,,,,,,,
,,"attempt washer d08 D15 L0,5",31-02-597,1,6,,SparePart 2.14.013 Hal 51,,,,,,,,,,
,,throttle check valve M5/x4,30-10-061,1,7,,SparePart 2.14.013 Hal 51,,,,,,,,,,
,,bolt,852.30.022.00,1,8,,SparePart 2.14.013 Hal 51,,,,,,,,,,
,,hexagon screw m4x12,50-10-076,1,9,,SparePart 2.14.013 Hal 51,,,,,,,,,,
,,cylinder,30-00-397,1,10,,SparePart 2.14.013 Hal 51,,,,,,,,,,
,Löffel L67 D27 H24,base plate  RH/LH,852.30.294.00,1,1,,SparePart 2.14.013 Hal 52,,,,,,,,,,
,,slide-in plate LH spoon 75mm,852.30.293.00,1,2,,SparePart 2.14.013 Hal 52,,,,,,,,,,
,,spacer  D20 L067,852.30.286.00,5,3,,SparePart 2.14.013 Hal 52,,,,,,,,,,
,,motor Controller,34-00-558,1,4,,SparePart 2.14.013 Hal 52,,,,,,,,,,
,,motor flange,852.30.292.00,1,5,,SparePart 2.14.013 Hal 52,,,,,,,,,,
,,rotation stage D150 t6,852.30.290.00,1,6,,SparePart 2.14.013 Hal 52,,,,,,,,,,
,,vakuum channel,852.30.015.00.3,1,7,,SparePart 2.14.013 Hal 52,,,,,,,,,,
,,vakuum channel,852.30.014.00.3,1,8,,SparePart 2.14.013 Hal 52,,,,,,,,,,
,,suction flange,852.30.041.00,2,9,,SparePart 2.14.013 Hal 52,,,,,,,,,,
,,holder sensor H74,852.30.284.00,1,10,,SparePart 2.14.013 Hal 52,,,,,,,,,,
,,inductive prox switch,32-03-407,1,11,,SparePart 2.14.013 Hal 52,,,,,,,,,,
,,clutch box M12 5,32-00-770,1,12,,SparePart 2.14.013 Hal 52,,,,,,,,,,
,,noise protection sheet,852.30.080.00,2,13,,SparePart 2.14.013 Hal 52,,,,,,,,,,
,,adapter,852.30.094.00,1,14,,SparePart 2.14.013 Hal 52,,,,,,,,,,
,,guide plate r55,852.30.287.00,1,15,,SparePart 2.14.013 Hal 52,,,,,,,,,,
,,washer,52-10-004,7,16,,SparePart 2.14.013 Hal 52,,,,,,,,,,
,,hexagon screw M5x25,50-10-023,7,17,,SparePart 2.14.013 Hal 52,,,,,,,,,,
,,washer,"52-10-009_U-Scheibed04,3",2,18,,SparePart 2.14.013 Hal 52,,,,,,,,,,
,,hexagon screw m4x16,50-10-065,2,19,,SparePart 2.14.013 Hal 52,,,,,,,,,,
,,countersunk screw m5x16,50-10-123,5,20,,SparePart 2.14.013 Hal 52,,,,,,,,,,
,,countersunk screw m4x12,50-10-118,12,21,,SparePart 2.14.013 Hal 52,,,,,,,,,,
,,"washer 6,4",52-10-002,4,22,,SparePart 2.14.013 Hal 52,,,,,,,,,,
,,cylinder screw m6x25,50-10-004,4,23,,SparePart 2.14.013 Hal 52,,,,,,,,,,
,,countersunk screw m5x10,50-10-121,8,24,,SparePart 2.14.013 Hal 52,,,,,,,,,,
,,grub screw m6x10 A2,50-10-007,1,25,,SparePart 2.14.013 Hal 52,,,,,,,,,,
,Spoons ejection left,rail 15-C-1-R-150-Z0-CM,31-02-888-MGN-15-H-Schiene,1,1,,SparePart 2.14.013 Hal 53,,,,,,,,,,
,,carria,31-02-888-MGN-15-H-Wagen,1,2,,SparePart 2.14.013 Hal 53,,,,,,,,,,
,,suppüort plate,852.30.043.00.4,1,3,,SparePart 2.14.013 Hal 53,,,,,,,,,,
,,holder H55,852.30.285.00,1,4,,SparePart 2.14.013 Hal 53,,,,,,,,,,
,,holder L122.5,852.30.260.00,1,5,,SparePart 2.14.013 Hal 53,,,,,,,,,,
,,slider,852.30.059.00.3,1,6,,SparePart 2.14.013 Hal 53,,,,,,,,,,
,,bearing d005D016B05,31-00-012,2,7,,SparePart 2.14.013 Hal 53,,,,,,,,,,
,,space washer 06x12x0.5,31-01-905,2,8,,SparePart 2.14.013 Hal 53,,,,,,,,,,
,,bolt,852.30.082.00,1,9,,SparePart 2.14.013 Hal 53,,,,,,,,,,
,,nipple,852.34.001.00,1,10,,SparePart 2.14.013 Hal 53,,,,,,,,,,
,,hexagonal nut  M06 A2,51-10-055,1,11,,SparePart 2.14.013 Hal 53,,,,,,,,,,
,,aspirator D14 H15,30-50-487,1,12,,SparePart 2.14.013 Hal 53,,,,,,,,,,
,,level,852.30.085.00.4,1,13,,SparePart 2.14.013 Hal 53,,,,,,,,,,
,,"U-washer 6,4",52-10-002,5,14,,SparePart 2.14.013 Hal 53,,,,,,,,,,
,,jouint ball M6,31-00-657,1,15,,SparePart 2.14.013 Hal 53,,,,,,,,,,
,,hexagon screw M06x25,50-10-062,3,16,,SparePart 2.14.013 Hal 53,,,,,,,,,,
,,distance shaft,852.30.045.00.4,1,17,,SparePart 2.14.013 Hal 53,,,,,,,,,,
,,hexagonal nut M06 A2,51-10-018,1,18,,SparePart 2.14.013 Hal 53,,,,,,,,,,
,,joint ball M8,31-00-052,1,19,,SparePart 2.14.013 Hal 53,,,,,,,,,,
,,hexagonal nut M8,51-10-001,1,20,,SparePart 2.14.013 Hal 53,,,,,,,,,,
,,distance washer,2.0125.0054,1,21,,SparePart 2.14.013 Hal 53,,,,,,,,,,
,,"U-washer d8,4 A2",52-10-001,1,22,,SparePart 2.14.013 Hal 53,,,,,,,,,,
,,hexagon screw M8x25,50-10-067,1,23,,SparePart 2.14.013 Hal 53,,,,,,,,,,
,,screwd pin M04x10 A2,50-10-047,2,24,,SparePart 2.14.013 Hal 53,,,,,,,,,,
,,"tension spring d0,8",31-01-162 3.852.30.014.01,1,25,,SparePart 2.14.013 Hal 53,,,,,,,,,,
,,hexagon screw,50-10-073M06x30,1,26,,SparePart 2.14.013 Hal 53,,,,,,,,,,
,,cylinder screw M3x16,50-10-254,5,27,,SparePart 2.14.013 Hal 53,,,,,,,,,,
,,cylinder screw M3x12 A2,50-10-204,4,28,,SparePart 2.14.013 Hal 53,,,,,,,,,,
,infeed spoon inserter,profile rail L=180,31-02-918_Profilschiene,1,09-a,,SparePart 2.14.013 Hal 54,,,,,,,,,,
,,carrier,31-02-918_Laufwagen,1,09-b,,SparePart 2.14.013 Hal 54,,,,,,,,,,
,,holder,852.30.001.00.4,1,3,,SparePart 2.14.013 Hal 54,,,,,,,,,,
,,hexagon screw m4x16,50-10-065,4,4,,SparePart 2.14.013 Hal 54,,,,,,,,,,
,,"washer d4,3","52-10-009_U-Scheibed04,3",4,5,,SparePart 2.14.013 Hal 54,,,,,,,,,,
,,"washer 6,4",52-10-002,9,6,,SparePart 2.14.013 Hal 54,,,,,,,,,,
,,cylinder screw m3x16,50-10-254,3,7,,SparePart 2.14.013 Hal 54,,,,,,,,,,
,,hexagon screw m6x25,50-10-062,6,8,,SparePart 2.14.013 Hal 54,,,,,,,,,,
,,hexagon screw m6x20,50-10-010,2,9,,SparePart 2.14.013 Hal 54,,,,,,,,,,
,,"u-washer 6,4",52-10-006,1,10,,SparePart 2.14.013 Hal 54,,,,,,,,,,
,,hexagon nut m6 lh,51-10-018,1,10,,SparePart 2.14.013 Hal 54,,,,,,,,,,
,,hexagon nut m8,51-10-001,1,11,,SparePart 2.14.013 Hal 54,,,,,,,,,,
,,joint head m6 lh,31-00-657,1,12,,SparePart 2.14.013 Hal 54,,,,,,,,,,
,,joint head m8,31-00-052,1,13,,SparePart 2.14.013 Hal 54,,,,,,,,,,
,,hexagon screw m6x45,50-10-024,1,14,,SparePart 2.14.013 Hal 54,,,,,,,,,,
,,"washer d8,5 D15 L10",2.0125.0055,1,15,,SparePart 2.14.013 Hal 54,,,,,,,,,,
,,flange,852.30.007.00.4,1,16,,SparePart 2.14.013 Hal 54,,,,,,,,,,
,,bearing d012 D028 B08 VA,31-00-102,2,17,,SparePart 2.14.013 Hal 54,,,,,,,,,,
,,"locker ring 28x1,2 VA",31-00-699,2,18,,SparePart 2.14.013 Hal 54,,,,,,,,,,
,,toothed belt wheel T10 Zz20,2.1500.0146,1,19,,SparePart 2.14.013 Hal 54,,,,,,,,,,
,,grub screw m6x12,50-10-035,2,20,,SparePart 2.14.013 Hal 54,,,,,,,,,,
,,holder,852.30.008.00.4,1,21,,SparePart 2.14.013 Hal 54,,,,,,,,,,
,,prox switch M12,32-02-642,1,22,,SparePart 2.14.013 Hal 54,,,,,,,,,,
,,clutch box M12 5pol,32-00-770,1,23,,SparePart 2.14.013 Hal 54,,,,,,,,,,
,,drive shaft,852.30.009.00.4,1,24,,SparePart 2.14.013 Hal 54,,,,,,,,,,
,,feather key 4x4x20 DIN 6885 VA,31-01-568,1,25,,SparePart 2.14.013 Hal 54,,,,,,,,,,
,,space washer 12x18x1,31-01-321,2,26,,SparePart 2.14.013 Hal 54,,,,,,,,,,
,,support plate infeed,852.30.283.00,1,27,,SparePart 2.14.013 Hal 54,,,,,,,,,,
,,support,852.30.288.00,1,28,,SparePart 2.14.013 Hal 54,,,,,,,,,,
,,shaft,852.30.045.00.4,1,29,,SparePart 2.14.013 Hal 54,,,,,,,,,,
,,lever,852.30.289.00,1,30,,SparePart 2.14.013 Hal 54,,,,,,,,,,
,,pusher r15 l180,852.30.291.00,1,31,,SparePart 2.14.013 Hal 54,,,,,,,,,,
,,hexagon screw,50-10-216,1,32,,SparePart 2.14.013 Hal 54,,,,,,,,,,
,,"washer d8,4",52-10-001,1,33,,SparePart 2.14.013 Hal 54,,,,,,,,,,
,,hexagon screw m8x35,50-10-068,1,34,,SparePart 2.14.013 Hal 54,,,,,,,,,,
,drive side in/out,toothed belt wheel B021 z020 d015 31 T10/20-2,2.1510.3004,1,1,,SparePart 2.14.013 Hal 55,,,,,,,,,,
,,toothed belt wheel  B16 Z20,2.1500.0147,2,2,,SparePart 2.14.013 Hal 55,,,,,,,,,,
,,motor plate drive,852.30.046.00,1,3,,SparePart 2.14.013 Hal 55,,,,,,,,,,
,,fixure motor plate,852.30.047.00,1,4,,SparePart 2.14.013 Hal 55,,,,,,,,,,
,,holder,852.30.048.00.3,1,5,,SparePart 2.14.013 Hal 55,,,,,,,,,,
,,tensioning roller,121.06.004.00,1,6,,SparePart 2.14.013 Hal 55,,,,,,,,,,
,,tensioning roller,123.06.019.00,1,7,,SparePart 2.14.013 Hal 55,,,,,,,,,,
,,locker ring i28 DIN472/439,31-00-429,1,8,,SparePart 2.14.013 Hal 55,,,,,,,,,,
,,bearing,31-00-020,2,9,,SparePart 2.14.013 Hal 55,,,,,,,,,,
,,locker ring a12 DIN 471,31-00-697,1,10,,SparePart 2.14.013 Hal 55,,,,,,,,,,
,,angle gear box i=1,34-00-409-Dummy,1,11,,SparePart 2.14.013 Hal 55,,,,,,,,,,
,,timing belt 16x440,31-00-287_Löffelbeileger,1,12,,SparePart 2.14.013 Hal 55,,,,,,,,,,
,,connection box motor,520.06.001.00,1,13,,SparePart 2.14.013 Hal 55,,,,,,,,,,
,,bearing d15 D24 B7,31-02-211,1,14,,SparePart 2.14.013 Hal 55,,,,,,,,,,
,,gear motor,34-00-523-3.852.30.006,1,15,,SparePart 2.14.013 Hal 55,,,,,,,,,,
,,timing belt 16x660,31-00-290_(3.852.30.068.00),1,16,,SparePart 2.14.013 Hal 55,,,,,,,,,,
,support for sensor,ledge,852.33.511.00,1,1,,SparePart 2.14.013 Hal 56,,,,,,,,,,
,,space plate,852.33.512.00,1,2,,SparePart 2.14.013 Hal 56,,,,,,,,,,
,,"U-washer  d8,4 A2",52-10-001,2,3,,SparePart 2.14.013 Hal 56,,,,,,,,,,
,,"U-washer d06,4 A2- groß",52-10-006,1,4,,SparePart 2.14.013 Hal 56,,,,,,,,,,
,,hexagon screw  M6x20,50-10-010,1,5,,SparePart 2.14.013 Hal 56,,,,,,,,,,
,,cyalinder screw M4x10,50-10-060,2,6,,SparePart 2.14.013 Hal 56,,,,,,,,,,
,,"distance bushing D15 L25 d8,5",2.4000.0007,2,7,,SparePart 2.14.013 Hal 56,,,,,,,,,,
,,hexagon screw M8x50,50-10-102,2,8,,SparePart 2.14.013 Hal 56,,,,,,,,,,
,Einschieber finger links,support,852.33.300.00.3,1,1,,SparePart 2.14.013 Hal 57,,,,,,,,,,
,,rail carrier L180,31-02-652_Schiene,1,2,,SparePart 2.14.013 Hal 57,,,,,,,,,,
,,carrier EGH15CA,31-02-652_Wagen,1,3,,SparePart 2.14.013 Hal 57,,,,,,,,,,
,,holder slide lh,852.33.514.00,1,4,,SparePart 2.14.013 Hal 57,,,,,,,,,,
,,extension slide,852.33.516.00,1,5,,SparePart 2.14.013 Hal 57,,,,,,,,,,
,,hexagon screw m04x12,50-10-118,4,6,,SparePart 2.14.013 Hal 57,,,,,,,,,,
,,slide,852.33.515.00,1,7,,SparePart 2.14.013 Hal 57,,,,,,,,,,
,,hexagon screw m04x20,50-10-119,6,8,,SparePart 2.14.013 Hal 57,,,,,,,,,,
,,holder,852.33.128.00.4,1,9,,SparePart 2.14.013 Hal 57,,,,,,,,,,
,,flap LH,852.33.269.00.4,1,10,,SparePart 2.14.013 Hal 57,,,,,,,,,,
,,needle bushing  8x10mm,31-01-254,2,11,,SparePart 2.14.013 Hal 57,,,,,,,,,,
,,shim ring 06x12x0.5,31-01-905,6,12,,SparePart 2.14.013 Hal 57,,,,,,,,,,
,,bearing 626 2RS,31-00-399,4,13,,SparePart 2.14.013 Hal 57,,,,,,,,,,
,,"distance bushes D10 l009 d6,1",2.4000.0218,1,14,,SparePart 2.14.013 Hal 57,,,,,,,,,,
,,hexagon screw m06x30,50-10-073M06x30,1,15,,SparePart 2.14.013 Hal 57,,,,,,,,,,
,,"attempt washer D15 d08  L1,5",31-01-578,2,16,,SparePart 2.14.013 Hal 57,,,,,,,,,,
,,shaft D08 L037 M04,2.5001.0110,1,17,,SparePart 2.14.013 Hal 57,,,,,,,,,,
,,washer,2.0126.0013,1,18,,SparePart 2.14.013 Hal 57,,,,,,,,,,
,,finger LH,852.33.305.00.3,1,19,,SparePart 2.14.013 Hal 57,,,,,,,,,,
,,cylinder screw m4x20,50-10-140,3,20,,SparePart 2.14.013 Hal 57,,,,,,,,,,
,,holder,852.33.195.00.4,1,21,,SparePart 2.14.013 Hal 57,,,,,,,,,,
,,hexagon screw m04x16,50-10-065,2,22,,SparePart 2.14.013 Hal 57,,,,,,,,,,
,,"washer d04,3","52-10-009_U-Scheibed04,3",4,23,,SparePart 2.14.013 Hal 57,,,,,,,,,,
,,spring bolt,852.33.133.00.4,1,24,,SparePart 2.14.013 Hal 57,,,,,,,,,,
,,pressure spring,31-02-702,1,25,,SparePart 2.14.013 Hal 57,,,,,,,,,,
,,holder curve,852.33.306.01.3,1,26,,SparePart 2.14.013 Hal 57,,,,,,,,,,
,,cylinder screw m4x25,50-10-141,2,27,,SparePart 2.14.013 Hal 57,,,,,,,,,,
,,hexagon screw m06x16,50-10-075,1,28,,SparePart 2.14.013 Hal 57,,,,,,,,,,
,,curve,852.33.136.01,1,29,,SparePart 2.14.013 Hal 57,,,,,,,,,,
,,hexagon screw m05x12,50-10-146,2,30,,SparePart 2.14.013 Hal 57,,,,,,,,,,
,,gate,852.33.225.01,1,31,,SparePart 2.14.013 Hal 57,,,,,,,,,,
,,"distance bushes D10 l4,5 d6,1",2.4000.0264,1,32,,SparePart 2.14.013 Hal 57,,,,,,,,,,
,,hexagon screw m06x18,50-10-096,1,33,,SparePart 2.14.013 Hal 57,,,,,,,,,,
,,set screw m04x06,50-10-019,1,34,,SparePart 2.14.013 Hal 57,,,,,,,,,,
CARTONER DIENST,"Release flap HL 10""L",clamp 60x60x40,4.0102.0001,2,1,,5.0102.0118,,,,,,,,,,
,,clamping block 60x60x20,4.0102.0002,1,2,,5.0102.0118,,,,,,,,,,
,,clamping holder 60x60x20,4.0102.0003,2,3,,5.0102.0118,,,,,,,,,,
,,"swivel ledge 20x10x122,5",4.0102.0004,1,4,,5.0102.0118,,,,,,,,,,
,,hexagonal shaft SW10 SW10x130,4.0102.0337,1,5,,5.0102.0118,,,,,,,,,,
,,stopper ledge short 40x10x200,4.0102.0006,1,6,,5.0102.0118,,,,,,,,,,
,,square piece 40x40x25,4.0102.0008,4,7,,5.0102.0118,,,,,,,,,,
,,initiator holder 25x10x40,4.0102.0009,1,8,,5.0102.0118,,,,,,,,,,
,,distance sleeve Ø20x10,4.0102.0013,1,9,,5.0102.0118,,,,,,,,,,
,,"distance Ø10x23,5",4.0102.0014,1,10,,5.0102.0118,,,,,,,,,,
,,shaft L=730 Ø20xL,4.0102.0019,1,11,,5.0102.0118,,,,,,,,,,
,,stopper ledge long 40x10x330,4.0102.0269,1,12,,5.0102.0118,,,,,,,,,,
,,overload flap HK left 3x500x651,4.0102.0388,1,13,,5.0102.0118,,,,,,,,,,
,,bearing block 60x20x60,4.1401.0013,2,14,,5.0102.0118,,,,,,,,,,
,,swivel head with inside thread,3.0000.0382,1,100,,5.0102.0118,,,,,,,,,,
,,swivel head with inside thread,3.0000.0383,1,101,,5.0102.0118,,,,,,,,,,
,,grooved ball bearing 6004-2RS,3.0000.0491,2,102,,5.0102.0118,,,,,,,,,,
,,guard ring A 20,3.0000.4300,2,103,,5.0102.0118,,,,,,,,,,
,,guard ring I 42,3.0000.0168,2,104,,5.0102.0118,,,,,,,,,,
,Detection open flap,mounting plate 20x10x35,4.0104.0001,2,1,,5.0104.0001,,,,,,,,,,
,,clamp 30x30x65,4.0104.0002,4,2,,5.0104.0001,,,,,,,,,,
,,axle - vertical Ø15x250,4.0104.0003,2,3,,5.0104.0001,,,,,,,,,,
,,axle - horizontal Ø15x75,4.0104.0004,2,4,,5.0104.0001,,,,,,,,,,
,,cable guide Ø10x265,401.040.010,2,5,,5.0104.0001,,,,,,,,,,
,,distance sleeve Ø10x5,401.040.011,2,6,,5.0104.0001,,,,,,,,,,
,,hexagonal nut M8,300.000.109,2,101,,5.0104.0001,,,,,,,,,,
,Glue nozzle mounting HK-Nordson,holder 50x20x40,4.7208.0012,2,1,,5.1001.0149,,,,,,,,,,
,,base plate 40x20x156,4.7208.0099,2,2,,5.1001.0149,,,,,,,,,,
,,guide block 50x40x95,4.7208.0097,2,3,,5.1001.0149,,,,,,,,,,
,,adjustment spindle M16 x 217,4.7208.0098,2,4,,5.1001.0149,,,,,,,,,,
,,adjustment shaft Ø15 x 133,4.7208.0101,4,5,,5.1001.0149,,,,,,,,,,
,,head plate 40x15x95,4.7208.0100,2,6,,5.1001.0149,,,,,,,,,,
,,shaft SW13x80,4.7208.0018,2,7,,5.1001.0149,,,,,,,,,,
,,knurled handle Ø40x20,4.7208.0011,2,8,,5.1001.0149,,,,,,,,,,
,,thread flange Ø40 x 24,4.7208.0102,2,9,,5.1001.0149,,,,,,,,,,
,,holder for light sensor D=12 2x50x75,4.7208.0054,1,10,,5.1001.0149,,,,,,,,,,
,,protection sheet for gluing laser part Bl.2 x 220 x 220,4.1001.0318,2,11,,5.1001.0149,,,,,,,,,,
,,adjustment ledge 8x40x100,4.1001.0463,2,12,,5.1001.0149,,,,,,,,,,
,,slide bearing Ø15 innen,3.0001.2142,8,100,,5.1001.0149,,,,,,,,,,
,,slide bearing Ø12 innen,3.0001.2143,4,101,,5.1001.0149,,,,,,,,,,
,,digital display,3.0000.4158,2,102,,5.1001.0149,,,,,,,,,,
,,hexagonal nut M10,3.0000.0204,2,103,,5.1001.0149,,,,,,,,,,
,,"adhesive melters, modell problue 7",3.0000.1003,1,104,,5.1001.0149,,,,,,,,,,
,,"application head SureBead A-1-T 0,20mm",3.0001.2039,2,105,,5.1001.0149,,,,,,,,,,
,,"Saturn in-line filter 100 mesh, 45o",3.0000.4046,2,106,,5.1001.0149,,,,,,,,,,
,,"hose auto RTD 240V 2,4m RTD 240V 2,4mtr.",3.0000.8712,2,107,,5.1001.0149,,,,,,,,,,
,Suction arm for rotary box erector,suction pipe arm,4.1201.0631,3,1,,5.1201.0259,,,,,,,,,,
,,suction pipe SW17 for suction cups Ø40 SW17x52,4.1201.0016,9,2,,5.1201.0259,,,,,,,,,,
,,bellows suction cup,3.0001.4365,9,100,,5.1201.0259,,,,,,,,,,
,,"plug screw 2611-1/4""""",3.0000.0836,15,101,,5.1201.0259,,,,,,,,,,
,,seal ring DR 14 K,3.0000.9649,24,104,,5.1201.0259,,,,,,,,,,
,"Short flap folder, left - standard parts",folding lever,4.1301.0377,2,1,,5.1301.0004,,,,,,,,,,
,,hollow shaft Ø30x125,4.1301.0013,1,2,,5.1301.0004,,,,,,,,,,
,,clamp left 40x20x70,4.1301.0015,2,3,,5.1301.0004,,,,,,,,,,
,,"cover Ø27,1x10",4.1301.0016,1,4,,5.1301.0004,,,,,,,,,,
,,adjusting ring Ø30 light,3.0000.0187,2,100,,5.1301.0004,,,,,,,,,,
,"Short flap folder, right - standard parts",folding lever,4.1301.0377,2,1,,5.1301.0007,,,,,,,,,,
,,hollow shaft Ø30x125,4.1301.0013,1,2,,5.1301.0007,,,,,,,,,,
,,clamp left 40x20x70,4.1301.0014,2,3,,5.1301.0007,,,,,,,,,,
,,"cover Ø27,1x10",4.1301.0016,1,4,,5.1301.0007,,,,,,,,,,
,,adjusting ring Ø30 light,3.0000.0187,2,100,,5.1301.0007,,,,,,,,,,
,mounting for angular gearbox HK - standart parts,base plate 120x10x170,4.1301.0009,2,1,,5.1301.0021,,,,,,,,,,
,,distance plate HK 90x10x160,4.1301.0011,4,2,,5.1301.0021,,,,,,,,,,
,,bevel gear,3.0000.0658,2,100,,5.1301.0021,,,,,,,,,,
,Flap pusher left,mounting plate 30x20x120,4.1302.0160,1,1,,5.1302.0260,,,,,,,,,,
,,holder plate 80x15x100,4.1302.0161,1,2,,5.1302.0260,,,,,,,,,,
,,sword holder 8x110x129,4.1302.1463,1,3,,5.1302.0260,,,,,,,,,,
,,"distance piece 80x20x46,5",4.1302.1464,1,4,,5.1302.0260,,,,,,,,,,
,,sword left 22x10x220,4.1302.1465,1,5,,5.1302.0260,,,,,,,,,,
,,sword left 22x10x220,4.1302.1467,1,6,,5.1302.0260,,,,,,,,,,
,Flap pusher right,mounting plate 30x20x120,4.1302.0160,1,1,,5.1302.0261,,,,,,,,,,
,,holder plate 80x15x100,4.1302.0161,1,2,,5.1302.0261,,,,,,,,,,
,,sword holder 8x110x129,4.1302.1463,1,3,,5.1302.0261,,,,,,,,,,
,,"distance piece 80x20x46,5",4.1302.1464,1,4,,5.1302.0261,,,,,,,,,,
,,sword left 22x10x220,4.1302.1466,1,5,,5.1302.0261,,,,,,,,,,
,,sword left 22x10x220,4.1302.1468,1,6,,5.1302.0261,,,,,,,,,,
,Pressure rolls left HK-II,pressure roll Ø30xX,4.1302.0106,5,1,,5.1302.0287,,,,,,,,,,
,,shaft pressure roll Ø10xX,4.1302.0107,11,2,,5.1302.0287,,,,,,,,,,
,,roller ledge up 15x4x370,4.1302.1182,1,3,,5.1302.0287,,,,,,,,,,
,,roller ledge bottom left 50x4x370,4.1302.1183,1,4,,5.1302.0287,,,,,,,,,,
,,slide bearing GFM-1012-17,3.0001.2940,10,100,,5.1302.0287,,,,,,,,,,
,Pressure rolls right HK-II,pressure roll Ø30xX,4.1302.0106,5,1,,5.1302.0288,,,,,,,,,,
,,shaft pressure roll Ø10xX,4.1302.0107,11,2,,5.1302.0288,,,,,,,,,,
,,roller ledge up 15x4x370,4.1302.1182,1,3,,5.1302.0288,,,,,,,,,,
,,roller ledge bottom left 50x4x370,4.1302.1184,1,4,,5.1302.0288,,,,,,,,,,
,,slide bearing GFM-1012-17,3.0001.2940,10,100,,5.1302.0288,,,,,,,,,,
,top flat detector left HK-II-B,adjustment holder 50x25x255,4.1302.1915,1,1,,5.1302.0337,,,,,,,,,,
,,distance 30x5x50,4.1302.0330,1,2,,5.1302.0337,,,,,,,,,,
,,shaft holder 30x25x50,4.1302.0331,2,3,,5.1302.0337,,,,,,,,,,
,,base holder 35x20x170,4.1302.1916,1,4,,5.1302.0337,,,,,,,,,,
,,flap detector Ø15x405,4.1302.1179,2,5,,5.1302.0337,,,,,,,,,,
,,"clamping lever, adjustable",3.0000.0426,1,100,,5.1302.0337,,,,,,,,,,
,top flat detector right HK-II-B,adjustment holder 50x25x255,4.1302.1915,1,1,,5.1302.0338,,,,,,,,,,
,,distance 30x5x50,4.1302.0330,1,2,,5.1302.0338,,,,,,,,,,
,,shaft holder 30x25x50,4.1302.0331,2,3,,5.1302.0338,,,,,,,,,,
,,base holder 35x20x170,4.1302.1916,1,4,,5.1302.0338,,,,,,,,,,
,,flap detector Ø15x405,4.1302.1179,2,5,,5.1302.0338,,,,,,,,,,
,,"clamping lever, adjustable",3.0000.0426,1,100,,5.1302.0338,,,,,,,,,,
,"folding box top guide, standard parts",bearing block 80x40x95,4.1401.0008,2,2,,5.1401.0003,,,,,,,,,,
,,shaft holder 79x14x110,4.1401.0009,2,3,,5.1401.0003,,,,,,,,,,
,,bearing distance I SW13 SW13x15,4.1401.0010,8,4,,5.1401.0003,,,,,,,,,,
,,bearing distance II SW13 SW13x15,4.1401.0011,8,5,,5.1401.0003,,,,,,,,,,
,,frame bearing plate 60x15x100,4.1401.0012,3,6,,5.1401.0003,,,,,,,,,,
,,bearing block 60x20x60,4.1401.0013,5,7,,5.1401.0003,,,,,,,,,,
,,mounting plate 40x20x100,4.1401.0014,2,8,,5.1401.0003,,,,,,,,,,
,,alignment plate 40x15x100,4.1401.0015,1,9,,5.1401.0003,,,,,,,,,,
,,middle wall plate 30x20x90,4.1401.0016,2,10,,5.1401.0003,,,,,,,,,,
,,shaft guide 40x20x116,4.1401.0017,2,11,,5.1401.0003,,,,,,,,,,
,,spur gear SN 2030,4.1401.0020,1,14,,5.1401.0003,,,,,,,,,,
,,hexagonal stopper SW70x30,4.7206.0092,1,17,,5.1401.0003,,,,,,,,,,
,,spur gear SN 2030 D=20H7,4.1401.0023,1,19,,5.1401.0003,,,,,,,,,,
,,"frame bearing plate, proximity switch 60x15x100",4.1401.0119,1,22,,5.1401.0003,,,,,,,,,,
,,grooved ball bearing 6004-2RS,3.0000.0491,5,101,,5.1401.0003,,,,,,,,,,
,,grooved ball bearing 6000-2RS,3.0000.0481,16,102,,5.1401.0003,,,,,,,,,,
,,slide bearing BV-Ø20-Ø26-Ø32-3-20,3.0000.0406,2,103,,5.1401.0003,,,,,,,,,,
,,guard ring I 42,3.0000.0168,5,110,,5.1401.0003,,,,,,,,,,
,,guard ring A20,3.0000.4300,2,111,,5.1401.0003,,,,,,,,,,
,intake roller for top guide HK,holder 1,4.1401.0397,1,1,,5.1401.0224,,,,,,,,,,
,,holder 2,4.1401.0383,1,2,,5.1401.0224,,,,,,,,,,
,,holder,4.1401.0237,1,3,,5.1401.0224,,,,,,,,,,
,,intake roller Ø100x15,4.1401.0241,1,4,,5.1401.0224,,,,,,,,,,
,,"clamping lever, adjustable GN 300-63-M8-25-OR",3.0000.4786,2,100,,5.1401.0224,,,,,,,,,,
,,"clamping lever, adjustable GN 300-45-M6-32-OR",3.0000.0425,1,101,,5.1401.0224,,,,,,,,,,
,,UPS-fitting screw Ø 10 M8x16,3.0000.0199,1,102,,5.1401.0224,,,,,,,,,,
,"box guide, various parts, Hub 200 Festo",tubular arch I + II,4.1401.0558,1,1,,5.1401.0266,,,,,,,,,,
,,guide shaft Ø20x400,4.1401.0018,2,12,,5.1401.0266,,,,,,,,,,
,,adjustment shaft Ø20x2200,4.1401.0019,1,13,,5.1401.0266,,,,,,,,,,
,,distance I 120x20x70,4.1401.0559,2,15,,5.1401.0266,,,,,,,,,,
,,rectangular pipe 60x20x2,2.0000.0323,0,16,,5.1401.0266,,,,,,,,,,
,,distance II 120x20x80,4.1401.0560,2,18,,5.1401.0266,,,,,,,,,,
,,standard cylinder,3.0001.3932,1,105,,5.1401.0266,,,,,,,,,,
,,swivel flange SNG 40,3.0000.4402,1,106,,5.1401.0266,,,,,,,,,,
,,bearing block LSNG 40,3.0000.4400,1,107,,5.1401.0266,,,,,,,,,,
,,"clevis SG-M 12x1,25",3.0000.1035,1,109,,5.1401.0266,,,,,,,,,,
,"top guide tube, insertion area",top guide tube right,4.1401.0728,1,1,,5.1401.0271,,,,,,,,,,
,,top guide tube left,4.1401.0729,1,2,,5.1401.0271,,,,,,,,,,
,,guide block 40x20x80,4.1401.0586,2,3,,5.1401.0271,,,,,,,,,,
,,cover 3x20x50,4.1401.0587,2,4,,5.1401.0271,,,,,,,,,,
,,round guide,4.1401.0726,1,5,,5.1401.0271,,,,,,,,,,
,,distance for cable holder 40x15x90,4.1401.0622,1,6,,5.1401.0271,,,,,,,,,,
,,holder for light sensor D=12 2x50x75,4.7208.0054,1,7,,5.1401.0271,,,,,,,,,,
,,pressure spring,3.0000.1902,2,100,,5.1401.0271,,,,,,,,,,
,"top flap lifting device flap folder, stand",top flap lifting device,4.1402.0015,1,1,,5.1402.0006,,,,,,,,,,
,,adjustment holder,4.1402.0016,1,2,,5.1402.0006,,,,,,,,,,
,,"clamping lever, adjustable GN 300-45-M6-20-OR",3.0000.0423,1,100,,5.1402.0006,,,,,,,,,,
,,"clamping lever, adjustable GN 300-63-M8-40-OR",3.0000.0426,1,101,,5.1402.0006,,,,,,,,,,
,top flap lifting device insertion conveyor left,"washer Ø30 Ø 5,5",4.0002.0013,2,1,,5.1402.0044,,,,,,,,,,
,,flap guide 20x20x90,4.1302.0103,1,2,,5.1402.0044,,,,,,,,,,
,,base plate left 80x10x110,4.1302.1451,1,3,,5.1402.0044,,,,,,,,,,
,,clamp 30x15x110,4.1402.0010,1,4,,5.1402.0044,,,,,,,,,,
,,rework washer Ø30x5,4.1402.0011,2,5,,5.1402.0044,,,,,,,,,,
,,round rod horizontal Ø20x245,4.1402.0013,2,6,,5.1402.0044,,,,,,,,,,
,,round rod vertical Ø20x230,4.1402.0014,2,7,,5.1402.0044,,,,,,,,,,
,,ledge 40x10x840,4.1402.0028,1,8,,5.1402.0044,,,,,,,,,,
,,holder for top flap lifting device HK-II-B,4.1402.0133,2,11,,5.1402.0044,,,,,,,,,,
,,shaft - horizontal adjustment Ø15x1065,4.1402.0055,1,12,,5.1402.0044,,,,,,,,,,
,,shaft - vertical adjustment Ø15x1220,4.1402.0056,1,13,,5.1402.0044,,,,,,,,,,
,,base plate right 110x10x130,4.1402.0057,1,14,,5.1402.0044,,,,,,,,,,
,,plate for digital display 70x10x70,4.1402.0059,2,15,,5.1402.0044,,,,,,,,,,
,,housing 70x70x35,4.4401.0009,2,16,,5.1402.0044,,,,,,,,,,
,,spur gear SNB 2020 D=15,4.4401.0107,4,17,,5.1402.0044,,,,,,,,,,
,,knurled knob Ø14 Ø40x100,4.4401.0237,2,18,,5.1402.0044,,,,,,,,,,
,,housing 70x70x35,4.4401.0447,2,19,,5.1402.0044,,,,,,,,,,
,,slide bearing GFM-1517-09,3.0001.2719,4,100,,5.1402.0044,,,,,,,,,,
,,slide bearing GSM-2023-15,3.0001.2720,8,101,,5.1402.0044,,,,,,,,,,
,,"clamping lever, adjustable GN 300-45-M6-32-OR",3.0000.0425,2,102,,5.1402.0044,,,,,,,,,,
,,digital display DA04-02-100-2-I-14,3.0000.4440,1,103,,5.1402.0044,,,,,,,,,,
,,digital display DA04-02-100-2-E-14,3.0000.6474,1,104,,5.1402.0044,,,,,,,,,,
,,adjusting ring Ø20 light,3.0000.0185,2,106,,5.1402.0044,,,,,,,,,,
,,"washer Ø 8,4",3.0000.8788,2,200,,5.1402.0044,,,,,,,,,,
,,cap nut M8 A2,3.0000.4334,2,201,,5.1402.0044,,,,,,,,,,
,holder inner cover flap standard parts,guide 30x10x170,4.1403.0255,2,1,,5.1403.0034,,,,,,,,,,
,,holder 20x5x280,4.1403.0256,2,2,,5.1403.0034,,,,,,,,,,
,,cam 20x6x168,4.1403.0257,2,3,,5.1403.0034,,,,,,,,,,
,,spring steel gluing 20x2x300 (Laser),4.1403.0540,2,4,,5.1403.0034,,,,,,,,,,
,,"clamping lever, adjustable GN 300-45-M6-20-OR",3.0000.0423,2,100,,5.1403.0034,,,,,,,,,,
,,"washer Ø6,4",3.0000.4321,2,101,,5.1403.0034,,,,,,,,,,
,bottom flap guide central adjustment left,flap guide 20x20x90,4.1302.0103,2,1,,5.1403.0187,,,,,,,,,,
,,flap guide insertion side welding part,4.1403.0563,1,2,,5.1403.0187,,,,,,,,,,
,,sheet holder infeeding side 30x12x155,4.1403.1297,1,3,,5.1403.0187,,,,,,,,,,
,,guiding sheet 3x100x168,4.1403.0463,1,4,,5.1403.0187,,,,,,,,,,
,"flap guide HK-II-B-10""/L",folding sheet adjusting side 3x78x1334,4.1403.1386,1,1,,5.1403.0191,,,,,,,,,,
,,folding sheet insertion side 3x78x584,4.1403.1387,1,2,,5.1403.0191,,,,,,,,,,
,,guiding sheet adjusting side 3x78x1240,4.1403.1205,1,3,,5.1403.0191,,,,,,,,,,
,,"guiding sheet gluing nozzle adjusting side 10"" 3x80x345",4.1403.1206,1,4,,5.1403.0191,,,,,,,,,,
,,"guiding sheet gluing nozzle insertion side 10"" 3x80x345",4.1403.1207,1,5,,5.1403.0191,,,,,,,,,,
,,"top flap lifting sheet, insertion side",4.1402.0190,1,6,,5.1403.0191,,,,,,,,,,
,HK box erection aid,holder block 30x30x81,4.1601.0001,2,1,,5.1601.0001,,,,,,,,,,
,,flat rod 25x6x300,4.1601.0002,2,2,,5.1601.0001,,,,,,,,,,
,,T-slot nut M6,3.0000.0045,4,100,,5.1601.0001,,,,,,,,,,
,,drive shaft Ø100x231,4.2001.0011,1,1,,5.2001.0117,,,,,,,,,,
,,vacuum distributor Ø150x22,4.2001.0012,1,2,,5.2001.0117,,,,,,,,,,
,,adjustment flange Ø150x10,4.2001.0013,1,3,,5.2001.0117,,,,,,,,,,
,,"twin flange Ø107,5x66",4.2001.0015,1,4,,5.2001.0117,,,,,,,,,,
,,carrier pin M10x35,4.2001.0016,4,5,,5.2001.0117,,,,,,,,,,
,,"adjustment flange, top Ø75x39",4.2001.0024,1,6,,5.2001.0117,,,,,,,,,,
,,base plate 92x20x170,4.2001.0029,1,7,,5.2001.0117,,,,,,,,,,
,,gearbox suspension 90x70x165,4.2001.0030,1,8,,5.2001.0117,,,,,,,,,,
,,bearing flange Ø80x22,4.2001.0031,1,9,,5.2001.0117,,,,,,,,,,
,,guide shaft Ø20x290,4.2001.0556,4,10,,5.2001.0117,,,,,,,,,,
,,knurled lock nut Ø60x25,4.2001.0036,1,11,,5.2001.0117,,,,,,,,,,
,,knurled disc Ø80x25,4.2001.0037,1,12,,5.2001.0117,,,,,,,,,,
,,tension disc Ø28x5,4.2001.0038,1,13,,5.2001.0117,,,,,,,,,,
,,octagonal holder 25x20x95,4.2001.0042,1,14,,5.2001.0117,,,,,,,,,,
,,holder rotary box erector 145x15x197,4.2001.0558,1,15,,5.2001.0117,,,,,,,,,,
,,holder vacuum valve 120x3x222,4.2001.0102,1,16,,5.2001.0117,,,,,,,,,,
,,"adjustment flange, bottom Ø75x37,5",4.2001.0121,1,18,,5.2001.0117,,,,,,,,,,
,,"gearbox plate, top 120x15x150",4.2001.0123,1,19,,5.2001.0117,,,,,,,,,,
,,distance block 100x20x65,4.2001.0135,1,20,,5.2001.0117,,,,,,,,,,
,,threaded spindle Tr30x6x240,4.2001.0117,1,21,,5.2001.0117,,,,,,,,,,
,,holding plate 50x15x120,4.2001.0160,2,22,,5.2001.0117,,,,,,,,,,
,,console side wall 90x12x570,4.2001.0557,2,23,,5.2001.0117,,,,,,,,,,
,,rotation disc Ø437x15,4.2001.0270,1,24,,5.2001.0117,,,,,,,,,,
,,vacuum control,4.2001.0271,1,25,,5.2001.0117,,,,,,,,,,
,,toothed pulley AT 10/20,4.2001.0272,3,26,,5.2001.0117,,,,,,,,,,
,,"flanged pulley Ø68x2,5",4.2001.0273,6,27,,5.2001.0117,,,,,,,,,,
,,"suction arm flange Ø78x136,5",4.2001.0274,3,28,,5.2001.0117,,,,,,,,,,
,,distance piece Ø30xA,4.2001.0275,1,29,,5.2001.0117,,,,,,,,,,
,,distance piece Ø30xA,4.2001.0275,1,30,,5.2001.0117,,,,,,,,,,
,,distance piece Ø30xA,4.2001.0275,1,31,,5.2001.0117,,,,,,,,,,
,,distance piece Ø30xA,4.2001.0275,1,32,,5.2001.0117,,,,,,,,,,
,,washer Ø28x5,4.2001.0276,3,33,,5.2001.0117,,,,,,,,,,
,,"guard cover for lid t=1,25 1,25x122x688",4.2001.0278,2,34,,5.2001.0117,,,,,,,,,,
,,"guard protective cover t=1,25 1,25x220x440",4.2001.0279,2,35,,5.2001.0117,,,,,,,,,,
,,adjustment ledge 20x10x105,4.2001.0280,2,36,,5.2001.0117,,,,,,,,,,
,,adjustment pin Ø8x40,4.2001.0281,2,37,,5.2001.0117,,,,,,,,,,
,,threaded grommet rework,4.2001.0479,5,38,,5.2001.0117,,,,,,,,,,
,,bearing vacuum arm Ø80x63,4.2001.0496,3,39,,5.2001.0117,,,,,,,,,,
,,trapezoidal thread nut WFRM 3846 TR30x6,4.2001.0506,1,40,,5.2001.0117,,,,,,,,,,
,,head plate 92x20x170,4.2001.0514,1,41,,5.2001.0117,,,,,,,,,,
,,needle bearing - cardan shaft cardan shaft S=470 X=130,4.2001.0516,1,42,,5.2001.0117,,,,,,,,,,
,,support 20x10x120,4.4101.0220,2,43,,5.2001.0117,,,,,,,,,,
,,washer Ø40x5,4.7206.0079,1,44,,5.2001.0117,,,,,,,,,,
,,bolt for octagonal stopper Ø30x29,4.7206.0078,1,45,,5.2001.0117,,,,,,,,,,
,,hexagonal stopper SW70x30,4.7206.0092,1,46,,5.2001.0117,,,,,,,,,,
,,"bevel gear H1 i=1,5 Ba70 Hohlwelle",3.0000.0659,1,100,,5.2001.0117,,,,,,,,,,
,,"bevel gear H1 i=1,5 BA70 hollow shaft",3.0000.0666,1,101,,5.2001.0117,,,,,,,,,,
,,grooved ball bearing 6004-2RS,3.0001.1888,3,102,,5.2001.0117,,,,,,,,,,
,,grooved ball bearing 6004-2RS,3.0001.2240,1,103,,5.2001.0117,,,,,,,,,,
,,grooved ball bearing 6004-2RS,3.0001.2239,1,104,,5.2001.0117,,,,,,,,,,
,,grooved ball bearing 4204 A,3.0001.2236,3,105,,5.2001.0117,,,,,,,,,,
,,shaft sealing ring A 20x35x7-NB,3.0000.0567,6,106,,5.2001.0117,,,,,,,,,,
,,shaft sealing ring A 26x47x7-NB,3.0000.4754,3,107,,5.2001.0117,,,,,,,,,,
,,guard ring I 55,3.0000.0288,1,108,,5.2001.0117,,,,,,,,,,
,,slide bearing GSM-2023-20,3.0001.1227,8,109,,5.2001.0117,,,,,,,,,,
,,toothed belt 16AT10/780,3.0000.0945,3,110,,5.2001.0117,,,,,,,,,,
,,"o-ring 38,00-2,5 72 NBR 872",3.0000.0461,3,111,,5.2001.0117,,,,,,,,,,
,,pressure spring D-217G,3.0000.0330,4,112,,5.2001.0117,,,,,,,,,,
,,shim ring 20x28x1,3.0000.0067,1,113,,5.2001.0117,,,,,,,,,,
,,fitting key 6x6x25,3.0000.4428,3,115,,5.2001.0117,,,,,,,,,,
,,fitting key 6x6x45,3.0000.4838,3,116,,5.2001.0117,,,,,,,,,,
,,star knob screw GN 636.4-45-M8-20-DOR,3.0001.4144,1,117,,5.2001.0117,,,,,,,,,,
,,mounting angle 90°,3.0000.1026,3,118,,5.2001.0117,,,,,,,,,,
,,threaded grommet GT 149 MSV,3.0000.9914,3,119,,5.2001.0117,,,,,,,,,,
,"product leveller, various parts 10""/L",distance plate 100x25x90,4.2005.0311,1,1,,5.2001.0120,,,,,,,,,,
,,holder plate 90x12x770,4.2005.0347,2,2,,5.2001.0120,,,,,,,,,,
,,"cantilever plate 30x15x117,5",4.2005.0349,2,3,,5.2001.0120,,,,,,,,,,
,,excentric lever X=116,4.2005.0066,2,4,,5.2001.0120,,,,,,,,,,
,,base plate 60x10x120,4.2005.0135,1,5,,5.2001.0120,,,,,,,,,,
,,change plate 60x10x85,4.2005.0229,1,6,,5.2001.0120,,,,,,,,,,
,,distance ledge 80x10x250,4.2005.0234,2,7,,5.2001.0120,,,,,,,,,,
,,pressure plate 10x90x300,4.2005.0403,1,8,,5.2001.0120,,,,,,,,,,
,,standard cylinder DSNU-25-100-PPV-A,3.0000.4108,1,100,,5.2001.0120,,,,,,,,,,
,,mounting kit SMBR 25,3.0000.1013,1,101,,5.2001.0120,,,,,,,,,,
,,proximity switch SMEO-4U-S-LED-24-B,3.0000.1080,1,102,,5.2001.0120,,,,,,,,,,
,,cardan shaft S=580 X=130,3.0000.0644,1,104,,5.2001.0120,,,,,,,,,,
,,cardan shaft S=580 X=130,3.0000.0644,1,105,,5.2001.0120,,,,,,,,,,
,"product leveller, standard parts",tension roller Ø40x30,4.2005.0017,1,1,,5.2005.0105,,,,,,,,,,
,,holder for tension roller SW19x46,4.2005.0016,1,2,,5.2005.0105,,,,,,,,,,
,,tension flap 30x10x115,4.2005.0015,1,3,,5.2005.0105,,,,,,,,,,
,,drive shaft Ø59x231,4.2005.0039,1,4,,5.2005.0105,,,,,,,,,,
,,washer Ø25x3,4.2005.0032,4,5,,5.2005.0105,,,,,,,,,,
,,crank bolt SW19 SW19x48,4.2005.0013,2,6,,5.2005.0105,,,,,,,,,,
,,toothed pulley,4.2005.0028,2,7,,5.2005.0105,,,,,,,,,,
,,distance ring Ø25x7,4.2005.0011,2,8,,5.2005.0105,,,,,,,,,,
,,crankshaft bearing Ø78x40,4.2005.0014,2,9,,5.2005.0105,,,,,,,,,,
,,deflection shaft Ø59x104,4.2005.0041,1,10,,5.2005.0105,,,,,,,,,,
,,crank ledge 30x20x160,4.2005.0042,1,11,,5.2005.0105,,,,,,,,,,
,,base plate 100x15x230,4.2005.0043,1,12,,5.2005.0105,,,,,,,,,,
,,gearbox plate 100x15x100,4.2005.0044,1,13,,5.2005.0105,,,,,,,,,,
,,"washer Ø30x4,5",4.2005.0045,2,14,,5.2005.0105,,,,,,,,,,
,,bolt for octagonal stopper Ø30x29,4.7206.0078,1,15,,5.2005.0105,,,,,,,,,,
,,washer Ø40x5,4.7206.0079,1,16,,5.2005.0105,,,,,,,,,,
,,hexagonal stopper SW70x30,4.7206.0092,1,17,,5.2005.0105,,,,,,,,,,
,,octagonal holder 25x20x95,4.2001.0042,1,18,,5.2005.0105,,,,,,,,,,
,,distance block 100x20x65,4.2001.0135,1,19,,5.2005.0105,,,,,,,,,,
,,knurled disc Ø80x25,4.2001.0037,1,20,,5.2005.0105,,,,,,,,,,
,,knurled lock nut Ø60x25,4.2001.0036,1,21,,5.2005.0105,,,,,,,,,,
,,trapezoidal thread nut WFRM 3846 TR30x6,4.2001.0506,1,22,,5.2005.0105,,,,,,,,,,
,,head plate 92x20x170,4.2001.0514,1,23,,5.2005.0105,,,,,,,,,,
,,guide shaft Ø20x290,4.2001.0556,4,24,,5.2005.0105,,,,,,,,,,
,,threaded spindle Tr30x6x240,4.2001.0117,1,25,,5.2005.0105,,,,,,,,,,
,,bearing flange Ø80x22,4.2001.0031,1,26,,5.2005.0105,,,,,,,,,,
,,gearbox suspension 90x70x165,4.2005.0089,1,27,,5.2005.0105,,,,,,,,,,
,,base plate 92x20x170,4.2001.0029,1,28,,5.2005.0105,,,,,,,,,,
,,guide rod Ø16x175,4.2005.0273,2,29,,5.2005.0105,,,,,,,,,,
,,mounting plate 30x15x205,4.2005.0348,1,30,,5.2005.0105,,,,,,,,,,
,,guide housing 65x38x135,4.2005.0050,1,31,,5.2005.0105,,,,,,,,,,
,,bridge 50x10x120,4.2005.0093,1,32,,5.2005.0105,,,,,,,,,,
,,"distance washer Ø40x4,4",4.2005.0055,1,33,,5.2005.0105,,,,,,,,,,
,,"adjustment flange, top Ø75x39",4.2001.0024,1,34,,5.2005.0105,,,,,,,,,,
,,"adjustment flange, bottom Ø75x38,5",4.2001.0025,1,35,,5.2005.0105,,,,,,,,,,
,,toothed belt 25 T10 / 560,3.0000.0946,1,100,,5.2005.0105,,,,,,,,,,
,,linear ball bearing KH 1630 PP,3.0000.0437,4,102,,5.2005.0105,,,,,,,,,,
,,compensating coupling,3.0000.1569,1,103,,5.2005.0105,,,,,,,,,,
,,grooved ball bearing 6001-2RS,3.0000.0554,2,104,,5.2005.0105,,,,,,,,,,
,,grooved ball bearing 6006-2RS,3.0000.0493,4,105,,5.2005.0105,,,,,,,,,,
,,grooved ball bearing 6003-2RS,3.0000.0490,4,106,,5.2005.0105,,,,,,,,,,
,,grooved ball bearing 6204-2RS,3.0000.0552,1,107,,5.2005.0105,,,,,,,,,,
,,slide bearing GSM-2023-20,3.0001.1227,8,108,,5.2005.0105,,,,,,,,,,
,,fitting key 6x6x36,3.0000.0281,1,109,,5.2005.0105,,,,,,,,,,
,,bevel gear L1 i=1 Ba40,3.0000.0664,1,110,,5.2005.0105,,,,,,,,,,
,,"bevel gear H1 i=1,0 Ba70",3.0000.0660,1,111,,5.2005.0105,,,,,,,,,,
,,fitting key 6x6x25,3.0000.4428,1,112,,5.2005.0105,,,,,,,,,,
,mounting colour sensor,support ledge 2 8x95x267,4.2301.0982,1,1,,5.2301.0236,,,,,,,,,,
,,mounting block 40x30x60,4.2301.0983,2,2,,5.2301.0236,,,,,,,,,,
,,adjusting ledge 40x15x426,4.2301.0984,1,3,,5.2301.0236,,,,,,,,,,
,,adapter for sensor 50x15x50,4.2301.0985,1,4,,5.2301.0236,,,,,,,,,,
,,angle welding part,4.2301.0986,1,5,,5.2301.0236,,,,,,,,,,
,,bolt Ø20x120,4.2301.0989,1,6,,5.2301.0236,,,,,,,,,,
,,"clamping lever, adjustable GN 300-45-M6-20-OR",3.0000.0423,1,100,,5.2301.0236,,,,,,,,,,
,"deflector - product insertion, standard parts",holder for insertion deflector 30x20x71,4.3001.0146,1,5,,5.3001.0054,,,,,,,,,,
,,bearing block 40x40x35,4.3001.0147,1,6,,5.3001.0054,,,,,,,,,,
,,"distance Ø20x17,5",4.3001.0150,1,8,,5.3001.0054,,,,,,,,,,
,,pneumatic cylinder SB-D-0-00-0-25/10,3.0000.2501,1,100,,5.3001.0054,,,,,,,,,,
,,clevis SG-M8,3.0001.0376,1,101,,5.3001.0054,,,,,,,,,,
,,grooved ball bearing 6002-2RS,3.0000.0489,2,103,,5.3001.0054,,,,,,,,,,
,,"shim ring 15x25x1,0",3.0000.0295,1,104,,5.3001.0054,,,,,,,,,,
,,guard ring I 32,3.0000.4327,2,105,,5.3001.0054,,,,,,,,,,
,"product pusher IGUS, standart parts",chain suspension 29x15x80,4.3001.2130,24,3,,5.3001.0447,,,,,,,,,,
,,thread bolt SW13x20,4.3001.1565,12,4,,5.3001.0447,,,,,,,,,,
,,"distance ring Ø15x9,5",4.3001.1566,12,5,,5.3001.0447,,,,,,,,,,
,,guide carriage block 69x46x75,4.3001.2282,12,6,,5.3001.0447,,,,,,,,,,
,,crossbeam for guiding roll 25x8x69,4.3001.2041,12,7,,5.3001.0447,,,,,,,,,,
,,overload cam 30x25x62,4.3001.1269,12,8,,5.3001.0447,,,,,,,,,,
,,support bearing 69x30x42,4.3001.1324,12,9,,5.3001.0447,,,,,,,,,,
,,mounting 40x20x60,4.3001.1272,12,10,,5.3001.0447,,,,,,,,,,
,,link pin SW13 SW13x22,4.3001.0047,12,11,,5.3001.0447,,,,,,,,,,
,,swivel plate 15x6x50,4.3001.0051,12,12,,5.3001.0447,,,,,,,,,,
,,plate 6x15x87,4.3001.2275,12,13,,5.3001.0447,,,,,,,,,,
,,lock block 25x10x51,4.3001.2276,12,14,,5.3001.0447,,,,,,,,,,
,,"spring holder SW13 SW13x21,5",4.3001.2277,12,15,,5.3001.0447,,,,,,,,,,
,,spring holder SW13 SW13x21,4.3001.2279,12,16,,5.3001.0447,,,,,,,,,,
,,sliding foil JUMO-01-10,3.0001.2585,120,100,,5.3001.0447,,,,,,,,,,
,,grooved ball bearing 6000-2RS,3.0000.0481,24,101,,5.3001.0447,,,,,,,,,,
,,slide bearing BJ-Ø8-Ø12-6,3.0000.0411,12,102,,5.3001.0447,,,,,,,,,,
,,"fitting screw 10x16x0,5",3.0000.0202,12,103,,5.3001.0447,,,,,,,,,,
,"product pusher IGUS, various parts","guide rail top WS-10-40 L=640,",4.3001.2281,12,1,,5.3001.0466,,,,,,,,,,
,,guide rail bottom rework,4.3001.2118,12,2,,5.3001.0466,,,,,,,,,,
,,tension shaft Ø12x65,4.3001.0065,36,12,,5.3001.0466,,,,,,,,,,
,,connection piece 20x20x45,4.3001.1023,36,13,,5.3001.0466,,,,,,,,,,
,,pusher plate format 1 10x27x112,4.3001.2386,12,14,,5.3001.0466,,,,,,,,,,
,,"cover pusher plate 112 1,25x20x112",4.3001.2389,12,15,,5.3001.0466,,,,,,,,,,
,,pusher plate format 3 10x85x125,4.3001.2388,12,16,,5.3001.0466,,,,,,,,,,
,,"cover pusher plate format 3 1,25x20x125",4.3001.2163,24,17,,5.3001.0466,,,,,,,,,,
,,pusher plate format 2 10x39x125,4.3001.2387,12,18,,5.3001.0466,,,,,,,,,,
,,tension spring RZ-115-NI,3.0000.4571,12,104,,5.3001.0466,,,,,,,,,,
,folding box ejector,base plate 80x15x300,4.3002.0028,1,1,,5.3002.0005,,,,,,,,,,
,,bearing block 60x20x60,4.1401.0013,2,2,,5.3002.0005,,,,,,,,,,
,,swivel lever 40x15x105,4.3002.0029,1,3,,5.3002.0005,,,,,,,,,,
,,shaft Ø20x235,4.3002.0030,1,4,,5.3002.0005,,,,,,,,,,
,,holder for round toothed rack 40x15x62,4.4401.0253,2,5,,5.3002.0005,,,,,,,,,,
,,ejector plate 80x10x280,4.3002.0027,1,6,,5.3002.0005,,,,,,,,,,
,,standard cylinder DSNU-25-50-PPV-A,3.0000.4030,1,100,,5.3002.0005,,,,,,,,,,
,,bearing block LBN-20/25,3.0000.4032,1,101,,5.3002.0005,,,,,,,,,,
,,"clevis SG SG-M10x1,25",3.0000.4031,1,102,,5.3002.0005,,,,,,,,,,
,,grooved ball bearing 6004-2RS,3.0000.0491,2,103,,5.3002.0005,,,,,,,,,,
,,guard ring I 42,3.0000.0168,2,104,,5.3002.0005,,,,,,,,,,
,,guard ring A 20,3.0000.4300,2,105,,5.3002.0005,,,,,,,,,,
,,slide bearing 1010 DU,3.0000.0303,1,106,,5.3002.0005,,,,,,,,,,
,"cardan drive standard, standard and various parts",support 20x10x120,4.4101.0220,4,1,,5.4101.0569,,,,,,,,,,
,,cardan shaft EZ2 / 150 / 1307 B / 32 / 25,3.0001.3929,1,100,,5.4101.0569,,,,,,,,,,
,,cardan shaft EZ2 / 150 / 1950 B / 25 / 25,3.0001.3928,1,101,,5.4101.0569,,,,,,,,,,
,,"bevel gear Ba70; H2; i=1,0",3.0000.0661,1,102,,5.4101.0569,,,,,,,,,,
,,"bevel gear Ba80; H2; i=1,0",3.0000.0662,1,103,,5.4101.0569,,,,,,,,,,
,,"bevel gear Ba70; H23; i=1,0",3.0000.0663,1,104,,5.4101.0569,,,,,,,,,,
,servo - drive unit Stöber with Siemens motor,"gearbox plate P522PR 150x150x48,5",4.4101.0640,1,1,,5.4101.0588,,,,,,,,,,
,,planet gear with motor hub P522SPR0200ME,3.0001.3925,1,100,,5.4101.0588,,,,,,,,,,
,,servo synchron motor 1FK7062-2AF71-1RG1,3.0001.4719,1,101,,5.4101.0588,,,,,,,,,,
,"drive block with thooted belt 10""/L",toothed pulley LS50AT10/25-2,4.4101.0655,1,1,,5.4101.0592,,,,,,,,,,
,,toothed pulley LS50AT10/60-0 for ETP-30,4.4101.0647,1,2,,5.4101.0592,,,,,,,,,,
,,toothed pulley LS50AT10/48-0 for ETP-30,4.4101.0648,1,3,,5.4101.0592,,,,,,,,,,
,,toothed pulley LS42AT10/30-2,4.4101.0651,1,5,,5.4101.0592,,,,,,,,,,
,,toothed pulley LS42AT10/30-2 for ETP-30,4.4101.0652,1,6,,5.4101.0592,,,,,,,,,,
,,toothed pulley LS42AT10/30-2,4.4101.0240,1,7,,5.4101.0592,,,,,,,,,,
,,tension roller for 25 AT10 / T10 Ø80x37,4.4201.0067,2,8,,5.4101.0592,,,,,,,,,,
,,tension roller for 32 AT10 / T10 Ø80x44,4.4201.0066,2,9,,5.4101.0592,,,,,,,,,,
,,"tensioning bolt - drive, carrier Ø30x90",4.4201.0062,1,10,,5.4101.0592,,,,,,,,,,
,,"tensioning bolt - drive, folder Ø30x63",4.4201.0063,1,11,,5.4101.0592,,,,,,,,,,
,,"tensioning bolt Ø30x139,5",4.4201.0382,1,12,,5.4101.0592,,,,,,,,,,
,,tension piece 10x120x190,4.4101.0797,1,13,,5.4101.0592,,,,,,,,,,
,,main drive shaft Ø40x415,4.4101.0796,1,14,,5.4101.0592,,,,,,,,,,
,,hexagonal drive shaft SW 36x1020,4.4101.0795,2,15,,5.4101.0592,,,,,,,,,,
,,drive shaft short flap folder Ø40x300,4.4101.0798,1,16,,5.4101.0592,,,,,,,,,,
,,hexagonal shaft short flap folder SW19x270,4.4101.0800,1,17,,5.4101.0592,,,,,,,,,,
,,SW19 hexagon folder SW19x490,4.4101.0161,1,18,,5.4101.0592,,,,,,,,,,
,,drive shaft for rotary box erector Ø30x295,4.4101.0505,1,19,,5.4101.0592,,,,,,,,,,
,,"washer Ø30 Ø 5,5 Ø30x5",4.0002.0013,2,21,,5.4101.0592,,,,,,,,,,
,,"washer Ø40 Ø6,5 Ø40x5",4.0002.0014,3,22,,5.4101.0592,,,,,,,,,,
,,"tensioning bolt - drive, carrier Ø30x80",4.4201.0062,1,23,,5.4101.0592,,,,,,,,,,
,,toothed belt 32AT10/1280,3.0000.0890,1,100,,5.4101.0592,,,,,,,,,,
,,toothed belt 32AT10/1000,3.0000.0733,1,101,,5.4101.0592,,,,,,,,,,
,,toothed belt 25AT10/1200,3.0000.0872,1,102,,5.4101.0592,,,,,,,,,,
,,toothed belt 25 AT10 / 1500,3.0000.0874,1,103,,5.4101.0592,,,,,,,,,,
,,locking bush ETP-15,3.0000.4453,1,104,,5.4101.0592,,,,,,,,,,
,,locking bush ETP-30,3.0000.0795,3,105,,5.4101.0592,,,,,,,,,,
,,grooved ball bearing 6004-2RS,3.0000.0491,8,106,,5.4101.0592,,,,,,,,,,
,,pedestal bearing RASEY 30,3.0000.0506,5,107,,5.4101.0592,,,,,,,,,,
,,pedestal bearing RASEY 15,3.0000.0503,1,108,,5.4101.0592,,,,,,,,,,
,,fitting key 8x7x80,3.0000.9149,1,109,,5.4101.0592,,,,,,,,,,
,,fitting key 10x8x60,3.0000.9023,1,110,,5.4101.0592,,,,,,,,,,
,,fitting key 8x7x60,3.0000.0299,1,111,,5.4101.0592,,,,,,,,,,
,,fitting key 8x7x36,3.0001.3652,2,112,,5.4101.0592,,,,,,,,,,
,,fitting key 6x6x28,3.0000.0057,1,113,,5.4101.0592,,,,,,,,,,
,,guard ring A 20,3.0000.4300,4,114,,5.4101.0592,,,,,,,,,,
,,adjusting ring A-20,3.0000.0186,1,115,,5.4101.0592,,,,,,,,,,
,,T-slot nut M10,3.0001.1930,3,116,,5.4101.0592,,,,,,,,,,
,coupling rotary box erector with counter suction (LS2),coupling ROBA-DS for LS2-gear,4.4103.0017,1,1,,5.4103.0013,,,,,,,,,,
,"chain tensioner, insertion conveyor",tension shaft insertion conveyor Ø15x132,4.4201.0006,2,1,,5.4201.0003,,,,,,,,,,
,,tensioning box cover 30x15x50,4.4201.0002,2,2,,5.4201.0003,,,,,,,,,,
,,insertion conveyor - tensioning box 50x30x92,4.4201.0007,2,3,,5.4201.0003,,,,,,,,,,
,,distance piece 50x20x45,4.4201.0008,2,4,,5.4201.0003,,,,,,,,,,
,,"disc spring B20 GR1 / 20x10,2x0,8",3.0000.0188,102,101,,5.4201.0003,,,,,,,,,,
,,slide bearing 1515 DU Ø15/Ø17x15,3.0000.0308,2,102,,5.4201.0003,,,,,,,,,,
,,slide bearing 1020 DU,3.0000.0561,2,103,,5.4201.0003,,,,,,,,,,
,,"washer Ø10,5",3.0000.0087,2,104,,5.4201.0003,,,,,,,,,,
,,hexagonal nut M10,3.0000.0100,2,105,,5.4201.0003,,,,,,,,,,
,,hexagonal nut M8,3.0000.0109,2,106,,5.4201.0003,,,,,,,,,,
,,hexagon bolt M8x30,3.0000.0125,2,107,,5.4201.0003,,,,,,,,,,
,chain tensioner carrier conveyor,tensioning block 20x20x100,4.4201.0014,2,1,,5.4201.0006,,,,,,,,,,
,,pressure screw M12x80,4.4201.0015,2,2,,5.4201.0006,,,,,,,,,,
,,guide bolt,4.4201.0016,2,3,,5.4201.0006,,,,,,,,,,
,,"disc spring B20 GR1 / 20x10,2x0,8",3.0000.0188,164,100,,5.4201.0006,,,,,,,,,,
,chain tensioner intermediate cassette conveyor,tensioning block intermediate cassette conveyor 40x17x110,4.4201.0366,1,1,,5.4201.0024,,,,,,,,,,
,,pressure screw M12x80,4.4201.0015,1,2,,5.4201.0024,,,,,,,,,,
,,guide bolt,4.4201.0369,1,3,,5.4201.0024,,,,,,,,,,
,,"disc spring B20 GR1 / 20x10,2x0,8",3.0000.0188,66,100,,5.4201.0024,,,,,,,,,,
,"chain tensioner, cassette conveyor, central adjustment",tensioning block 25x20x100,4.4201.0356,2,1,,5.4201.0025,,,,,,,,,,
,,pressure screw M12x235,4.4201.0367,2,2,,5.4201.0025,,,,,,,,,,
,,hexagonal nut M12,3.0000.0102,2,100,,5.4201.0025,,,,,,,,,,
,"folding box outlet, left, Nord","upper section, left Nord 130x15x805",4.4301.0414,1,1,,5.4301.0061,,,,,,,,,,
,,"lower section, left 130x15x970",4.4301.0413,1,2,,5.4301.0061,,,,,,,,,,
,,square distance 20x20xD,4.4301.0177,3,3,,5.4301.0061,,,,,,,,,,
,,distance Ø15xD,4.4301.0178,3,4,,5.4301.0061,,,,,,,,,,
,,deflection roller Ø75xE,4.4301.0179,1,5,,5.4301.0061,,,,,,,,,,
,,deflection axle,4.4301.0180,1,6,,5.4301.0061,,,,,,,,,,
,,cover for upper part Ø70x39,4.4301.0024,1,7,,5.4301.0061,,,,,,,,,,
,,drive roller Ø126xE,4.4301.0174,1,8,,5.4301.0061,,,,,,,,,,
,,"deflector sheet, large 1,5x721,5xA",4.4301.0176,1,9,,5.4301.0061,,,,,,,,,,
,,"deflector sheet, small 2x665xG",4.4301.0175,1,10,,5.4301.0061,,,,,,,,,,
,,mounting block I 70x30x70,4.4301.0415,1,11,,5.4301.0061,,,,,,,,,,
,,mounting block II 30x20x70,4.4301.0416,1,12,,5.4301.0061,,,,,,,,,,
,,"distance ring Ø30x5,5",4.4301.0017,1,13,,5.4301.0061,,,,,,,,,,
,,support 100x20x70,4.4301.0421,1,14,,5.4301.0061,,,,,,,,,,
,,thread plate 20x15x70,4.4301.0422,1,15,,5.4301.0061,,,,,,,,,,
,,cable mounting Ø6 x 500,4.4301.0489,1,16,,5.4301.0061,,,,,,,,,,
,,holder,4.7301.0033,1,17,,5.4301.0061,,,,,,,,,,
,,spur gear motor SKOZ-63L/4-TW,3.0000.8835,1,100,,5.4301.0061,,,,,,,,,,
,,"high-performance flat belt LT 10, B=100, L=1760",3.0000.2005,1,101,,5.4301.0061,,,,,,,,,,
,,ball joint bearing 2203-2RS,3.0000.0508,1,102,,5.4301.0061,,,,,,,,,,
,,grooved ball bearing 6004-2RS,3.0000.0491,2,103,,5.4301.0061,,,,,,,,,,
,,guard ring I 42,3.0000.0168,2,104,,5.4301.0061,,,,,,,,,,
,,guard ring I 40,3.0000.0166,2,105,,5.4301.0061,,,,,,,,,,
,"folding box outlet, right, Nord","upper section, right Nord 130x15x805",4.4301.0419,1,1,,5.4301.0061,,,,,,,,,,
,,"lower section, right 130x15x970",4.4301.0418,1,2,,5.4301.0061,,,,,,,,,,
,,square distance 20x20xD,4.4301.0177,3,3,,5.4301.0061,,,,,,,,,,
,,distance Ø15xD,4.4301.0178,3,4,,5.4301.0061,,,,,,,,,,
,,deflection roller Ø75xE,4.4301.0179,1,5,,5.4301.0061,,,,,,,,,,
,,deflection axle,4.4301.0180,1,6,,5.4301.0061,,,,,,,,,,
,,cover for upper part Ø70x39,4.4301.0024,1,7,,5.4301.0061,,,,,,,,,,
,,drive roller Ø126xE,4.4301.0174,1,8,,5.4301.0061,,,,,,,,,,
,,"deflector sheet, large 1,5x721,5xA",4.4301.0176,1,9,,5.4301.0061,,,,,,,,,,
,,"deflector sheet, small 2x665xG",4.4301.0175,1,10,,5.4301.0061,,,,,,,,,,
,,"distance ring Ø30x5,5",4.4301.0017,1,11,,5.4301.0061,,,,,,,,,,
,,mounting block I 70x30x70,4.4301.0415,1,12,,5.4301.0061,,,,,,,,,,
,,mounting block II 30x20x70,4.4301.0416,1,13,,5.4301.0061,,,,,,,,,,
,,support joint 80x20x100,4.4301.0420,1,14,,5.4301.0061,,,,,,,,,,
,,thread bolt M8x75,4.4301.0395,1,15,,5.4301.0062,,,,,,,,,,
,,distance ledge 40x30x695,4.4301.0425,1,16,,5.4301.0062,,,,,,,,,,
,,spur gear motor SKOZ-63L/4-TW,3.0000.8835,1,100,,5.4301.0062,,,,,,,,,,
,,"high-performance flat belt LT 10, B=100, L=1760",3.0000.2005,1,101,,5.4301.0062,,,,,,,,,,
,,ball joint bearing 2203-2RS,3.0000.0508,1,102,,5.4301.0062,,,,,,,,,,
,,grooved ball bearing 6004-2RS,3.0000.0491,2,103,,5.4301.0062,,,,,,,,,,
,,guard ring I 42,3.0000.0168,2,104,,5.4301.0062,,,,,,,,,,
,,guard ring I 40,3.0000.0166,2,105,,5.4301.0062,,,,,,,,,,
,,hexagonal nut M8,3.0000.0109,2,106,,5.4301.0062,,,,,,,,,,
,,clevis SG-M8 SG-M8,3.0001.0376,1,107,,5.4301.0062,,,,,,,,,,
,,grooved ball bearing 608-2RS,3.0000.0498,1,108,,5.4301.0062,,,,,,,,,,
,adjustment inner chain with sprocket disc,worm gear - housing 118x47x147,4.4304.0074,1,1,,5.4304.0401,,,,,,,,,,
,,"base flange ETP 30 Ø80x51,5",4.4304.0138,1,2,,5.4304.0401,,,,,,,,,,
,,"adjustment flange Ø110x36,5",4.4304.1007,1,3,,5.4304.0401,,,,,,,,,,
,,lining flange (rectangle) 47x56x30,4.4304.0077,2,4,,5.4304.0401,,,,,,,,,,
,,distance and adjusting ring Ø28x6,4.4304.0078,2,5,,5.4304.0401,,,,,,,,,,
,,tension piece 56x47x15,4.4304.0079,1,6,,5.4304.0401,,,,,,,,,,
,,toothed pulley LS50AT10/48-0,4.4304.0081,1,7,,5.4304.0401,,,,,,,,,,
,,worm shaft Ø29x179,4.4304.0082,1,8,,5.4304.0401,,,,,,,,,,
,,"round cover Ø118x1,25",4.4304.0083,1,9,,5.4304.0401,,,,,,,,,,
,,"slide bearing rework Ø65xØ70x36,5",4.4304.1008,2,10,,5.4304.0401,,,,,,,,,,
,,digital display DA04-02-100-2-E-14,3.0000.6474,1,100,,5.4304.0401,,,,,,,,,,
,,slide bearing BV 16-22-28-3-32,3.0000.0550,1,101,,5.4304.0401,,,,,,,,,,
,,"clamping lever, adjustable GN 300-63-M8-40-OR",3.0000.0426,1,102,,5.4304.0401,,,,,,,,,,
,,worm ring K 2001,3.0000.0778,1,103,,5.4304.0401,,,,,,,,,,
,,locking bush ETP-30,3.0000.0795,1,104,,5.4304.0401,,,,,,,,,,
,,guard ring A 65,3.0000.0203,1,105,,5.4304.0401,,,,,,,,,,
,,crank handle DIN468-100 V12 F,3.0000.0419,1,106,,5.4304.0401,,,,,,,,,,
,"carrier chain 10"" support 105",carrier drilling pattern 60 4x60x60,4.4304.0321,70,1,,5.4304.0570,,,,,,,,,,
,,carrier drilling pattern 83 4x60x83,4.4304.0329,70,2,,5.4304.0570,,,,,,,,,,
,,carrier support 105 (83mm carrier) 20x8x105,4.4304.1143,70,3,,5.4304.0570,,,,,,,,,,
,,"roller chain (4x 8864,6)",3.0001.1156,"35.458,40 mm",100,,5.4304.0570,,,,,,,,,,
,,"connecting link, 1"" single roller chain 208 B-1 nickel-plated VS 26",3.0000.0843,4,101,,5.4304.0570,,,,,,,,,,
,,"chain bolt BO Ø4,45x18,7mm
nickel-plated",3.0000.0668,280,102,,5.4304.0570,,,,,,,,,,
,,"outer flap 208 B-1 nickel-plated
1,5mm wall thickness",3.0000.1608,140,103,,5.4304.0570,,,,,,,,,,
,"carrier conveyor HK-II-B 10""/L","bearing flange Ø120x18,5",4.4105.0001,2,1,,5.4304.0604,,,,,,,,,,
,,"guard ring Ø120x6,5",4.4105.0002,2,2,,5.4304.0604,,,,,,,,,,
,,bearing plate 100x24x100,4.4105.0006,2,3,,5.4304.0604,,,,,,,,,,
,,"flange, sprocket disc Ø116x21,5",4.4105.0007,2,4,,5.4304.0604,,,,,,,,,,
,,"distance ring Ø60x15,5",4.4105.0008,2,5,,5.4304.0604,,,,,,,,,,
,,"distance ring Ø60x3,5",4.4105.0009,4,6,,5.4304.0604,,,,,,,,,,
,,carrier flange Ø80x63,4.4105.0010,2,7,,5.4304.0604,,,,,,,,,,
,,carrier flange Ø80x60,4.4105.0011,2,8,,5.4304.0604,,,,,,,,,,
,,sprocket disc z=24,4.4105.0012,2,9,,5.4304.0604,,,,,,,,,,
,,sprocket disc z=32,4.4105.0013,2,10,,5.4304.0604,,,,,,,,,,
,,"sprocket disc 1/2""x5/16"" Z=24 (p=25,4)",4.4105.0014,2,11,,5.4304.0604,,,,,,,,,,
,,sprocket disc z=32,4.4105.0017,2,12,,5.4304.0604,,,,,,,,,,
,,"bolt for clamping wheel Ø30x41,5",4.4105.0029,2,13,,5.4304.0604,,,,,,,,,,
,,carrier shaft hub (fixed) Ø80x30,4.4304.0039,3,14,,5.4304.0604,,,,,,,,,,
,,"sprocket disc (carrier chain deflection) 1/2""x5/16"" Z=24 (p=25,4)",4.4304.0040,4,15,,5.4304.0604,,,,,,,,,,
,,"sprocket disc hub Ø90x16,7",4.4304.0057,4,16,,5.4304.0604,,,,,,,,,,
,,"murlubric-rail, bottom 795x50",4.4304.0120,2,17,,5.4304.0604,,,,,,,,,,
,,tension bearing (middle wall) 55x55x48,4.4304.0368,2,18,,5.4304.0604,,,,,,,,,,
,,distance Ø18x10,4.4304.0371,2,19,,5.4304.0604,,,,,,,,,,
,,"murlubric-rail, top 2000 (felt) 35x9,5x795",4.4304.0516,2,20,,5.4304.0604,,,,,,,,,,
,,"chain guide for lug chain, deflection side 24x50x2000",4.4304.0884,2,21,,5.4304.0604,,,,,,,,,,
,,"carrier chain guide, right 24x50x700",4.4304.0885,1,22,,5.4304.0604,,,,,,,,,,
,,"carrier chain guide, left 24x50x700",4.4304.0886,1,23,,5.4304.0604,,,,,,,,,,
,,chain guide 24x34x2000,4.4307.1196,1,24,,5.4304.0604,,,,,,,,,,
,,carrier shaft long Ø30x1010,4.4304.1158,1,25,,5.4304.0604,,,,,,,,,,
,,clamp for bearing axle 60x30x70,4.4104.0023,5,26,,5.4304.0604,,,,,,,,,,
,,clamp for adjusting spindle Ø70x20,4.4304.0046,4,27,,5.4304.0604,,,,,,,,,,
,,"clamping sheet Bl.1,5 Ø60",4.4304.1300,3,28,,5.4304.0604,,,,,,,,,,
,,trapezoidal thread nut Ø62x36,4.4304.1360,3,29,,5.4304.0604,,,,,,,,,,
,,adjustment spindle with square Tr30x6x390,4.4304.1394,1,30,,5.4304.0604,,,,,,,,,,
,,adjustment spindle Tr30x6x305,4.4304.1395,2,31,,5.4304.0604,,,,,,,,,,
,,torsion safety device 3x50x127,4.4304.0897,1,32,,5.4304.0604,,,,,,,,,,
,,distance holder Ø60x25,4.4304.0898,1,33,,5.4304.0604,,,,,,,,,,
,,"sprocket disc 3/8""x7/32""; Z=26",4.4304.0899,2,34,,5.4304.0604,,,,,,,,,,
,,"clamping sprocket 3/8""x7/32""; Z=26",4.4304.0900,2,35,,5.4304.0604,,,,,,,,,,
,,"carrier chain guide, middle",4.4304.0904,2,36,,5.4304.0604,,,,,,,,,,
,,"carrier chain guide, bottom",4.4304.0978,1,37,,5.4304.0604,,,,,,,,,,
,,carrier shaft short,4.4304.0889,1,38,,5.4304.0604,,,,,,,,,,
,,carrier shaft middle,4.4304.1284,1,39,,5.4304.0604,,,,,,,,,,
,,"middle wall 10""/L - fix side HK-II-B",4.4304.1720,1,40,,5.4304.0604,,,,,,,,,,
,,"middle wall 10""/L - adjustment side HK-II-B",4.4304.1721,1,41,,5.4304.0604,,,,,,,,,,
,,holder middle wall - fix side,4.4304.1558,1,42,,5.4304.0604,,,,,,,,,,
,,distance ring adjustment shaft,4.4304.1302,3,43,,5.4304.0604,,,,,,,,,,
,,chain tensioner,4.4304.1361,5,44,,5.4304.0604,,,,,,,,,,
,,"washer Ø40 Ø6,5",4.0002.0014,1,45,,5.4304.0604,,,,,,,,,,
,,bearing holder,4.4304.1559,1,46,,5.4304.0604,,,,,,,,,,
,,distance ledge,4.4301.0417,1,47,,5.4304.0604,,,,,,,,,,
,,flange bearing FJUMT 01 30,3.0001.2247,3,100,,5.4304.0604,,,,,,,,,,
,,flange bearing EFSM 20,3.0001.2245,3,101,,5.4304.0604,,,,,,,,,,
,,digital display DA09-02-60-1-E,3.0000.4813,1,102,,5.4304.0604,,,,,,,,,,
,,"tensioning sprocket 1/2""x5/16"" Z=16",3.0000.1643,2,103,,5.4304.0604,,,,,,,,,,
,,"roller chain 1/2x5/16"" (p=12,7) SZ
incl. closing link",3.0000.0738,"1.955,80",104,,5.4304.0604,,,,,,,,,,
,,"connecting link 1/2x5/16"" single roller chain",3.0000.4900,2,105,,5.4304.0604,,,,,,,,,,
,,grooved ball bearing 6005-2RS,3.0000.0492,4,106,,5.4304.0604,,,,,,,,,,
,,grooved ball bearing 6010-2RS,3.0000.0494,6,107,,5.4304.0604,,,,,,,,,,
,,guard ring A 16,3.0000.4301,2,108,,5.4304.0604,,,,,,,,,,
,,guard ring A 20,3.0000.4300,3,109,,5.4304.0604,,,,,,,,,,
,,guard ring A 25,3.0000.0158,4,110,,5.4304.0604,,,,,,,,,,
,,guard ring A 50,3.0000.0172,4,111,,5.4304.0604,,,,,,,,,,
,,guard ring I 47,3.0000.0170,4,112,,5.4304.0604,,,,,,,,,,
,,guard ring I 80,3.0000.0178,2,113,,5.4304.0604,,,,,,,,,,
,,fitting key 8x7x25,3.0000.0061,1,114,,5.4304.0604,,,,,,,,,,
,,"roller chain 3/8""x7/32 SZ",3.0000.0736,"2.809,80",115,,5.4304.0604,,,,,,,,,,
,,"connecting link 3/8x7/32""",3.0000.0837,2,116,,5.4304.0604,,,,,,,,,,
,,"roller chain 3/8""x7/32 SZ",3.0000.0736,"4.486,20",117,,5.4304.0604,,,,,,,,,,
,,ball joint bearing 2202-2RS,3.0000.0555,1,118,,5.4304.0604,,,,,,,,,,
,"insertion conveyor chain 10"", 12 pushers","roller chain (12x 228,6)x2",3.0001.1156,"5.486,40 mm",100,,5.4306.0144,,,,,,,,,,
,,plug link riveted 208B-2 VN,3.0001.4199,24,101,,5.4306.0144,,,,,,,,,,
,,"chain bolt 208 B-2AS BO 4,45x",3.0000.0669,48,102,,5.4306.0144,,,,,,,,,,
,,intermediate flap Lash 1603 L SZ,3.0000.9041,48,103,,5.4306.0144,,,,,,,,,,
,"insertion conveyor HK-II 10""/L",side wall insertion conveyor 80x40x10x1211,4.4306.1118,2,1,,5.4306.0215,,,,,,,,,,
,,side wall insertion conveyor 80x40x10x1211,4.4306.1117,2,2,,5.4306.0215,,,,,,,,,,
,,crossbeam 60x20x152,4.4306.0982,3,3,,5.4306.0215,,,,,,,,,,
,,crossbeam I 50x20x720,4.4306.1119,2,4,,5.4306.0215,,,,,,,,,,
,,crossbeam II 50x20x720,4.4306.1113,2,5,,5.4306.0215,,,,,,,,,,
,,crossbeam III 50x20x720,4.4306.1120,2,6,,5.4306.0215,,,,,,,,,,
,,crossbeam for bearing shaft and chain tensioner 120x20x152,4.4306.1111,1,7,,5.4306.0215,,,,,,,,,,
,,crossbeam for bearing shaft 50x30x162,4.4306.1110,1,8,,5.4306.0215,,,,,,,,,,
,,crossbeam for bearing shaft support 60x20x152,4.4306.0952,1,9,,5.4306.0215,,,,,,,,,,
,,crossbeam for bearing shaft support 80x20x152,4.4306.1112,1,10,,5.4306.0215,,,,,,,,,,
,,"carrier shaft Ø30x482,5",4.4306.0780,1,11,,5.4306.0215,,,,,,,,,,
,,"carrier shaft II Ø30x1125,5",4.4306.1108,1,12,,5.4306.0215,,,,,,,,,,
,, chain guide 30x24x1066,4.4306.0972,2,13,,5.4306.0215,,,,,,,,,,
,, chain guide 30x24x1067,4.4306.0973,2,14,,5.4306.0215,,,,,,,,,,
,,tension bearing 60x15x120,4.4306.0004,2,15,,5.4306.0215,,,,,,,,,,
,,"bearing plate, drive 130x20x152",4.4306.1064,1,16,,5.4306.0215,,,,,,,,,,
,,plate for bearing flange 130x20x152,4.4306.1065,1,17,,5.4306.0215,,,,,,,,,,
,,distance chain tensioner 50x40x60,4.4306.0955,1,18,,5.4306.0215,,,,,,,,,,
,,bearing plate deflection 130x15x152,4.4306.0946,2,19,,5.4306.0215,,,,,,,,,,
,,insertion curve 27x597x1065,4.4306.1330,1,21,,5.4306.0215,,,,,,,,,,
,,"return curve 27x416,5x1065",4.4306.1331,1,22,,5.4306.0215,,,,,,,,,,
,,"guide rail insertion 27x57x857,5",4.4306.1115,2,23,,5.4306.0215,,,,,,,,,,
,,mounting plate return curve 50x10x225,4.4306.1122,1,24,,5.4306.0215,,,,,,,,,,
,,"deflection, drive 180x15x250",4.4306.0483,2,25,,5.4306.0215,,,,,,,,,,
,,distance Ø20x27,4.4306.0038,6,26,,5.4306.0215,,,,,,,,,,
,,"deflection, drive I 180x15x250",4.4306.0872,1,27,,5.4306.0215,,,,,,,,,,
,,"deflection, drive I 180x15x251",4.4306.0639,1,28,,5.4306.0215,,,,,,,,,,
,,"distance, deflection Ø100x57",4.4306.0040,1,29,,5.4306.0215,,,,,,,,,,
,,deflection tensioning side 180x15x250,4.4306.0041,2,30,,5.4306.0215,,,,,,,,,,
,,holder deflector 60x20x70,4.4306.0168,1,31,,5.4306.0215,,,,,,,,,,
,,motor support II 120x20x196,4.4306.1116,4,32,,5.4306.0215,,,,,,,,,,
,,distance 25x23x135,4.4306.0867,4,33,,5.4306.0215,,,,,,,,,,
,,support II 20x20x195,4.4306.0632,4,34,,5.4306.0215,,,,,,,,,,
,,cross ledge I 40x20x720,4.4306.1114,2,35,,5.4306.0215,,,,,,,,,,
,,mounting plate deflector 120x10x400,4.4306.1329,1,36,,5.4306.0215,,,,,,,,,,
,,tension shaft insertion Ø30x770,4.4306.0863,1,37,,5.4306.0215,,,,,,,,,,
,,"drive shaft, insertion unit II Ø35x672",4.4306.1145,1,38,,5.4306.0215,,,,,,,,,,
,,"drive shaft, insertion unit III SW36x875",4.4306.1146,1,39,,5.4306.0215,,,,,,,,,,
,,"drive shaft, insertion unit Ø30x469",4.4306.0864,1,40,,5.4306.0215,,,,,,,,,,
,,lock guide siehe Zeichnung,4.4306.1164,1,41,,5.4306.0215,,,,,,,,,,
,,flap for lock guide 70x10x80,4.4306.1167,1,42,,5.4306.0215,,,,,,,,,,
,,shaft coupling Ø55x80,4.4306.0238,1,43,,5.4306.0215,,,,,,,,,,
,,sprocket hub Ø120x32,4.4307.0585,2,44,,5.4306.0215,,,,,,,,,,
,,"sprocket disc hub, tensioning side Ø90x28",4.4307.0037,2,45,,5.4306.0215,,,,,,,,,,
,,"sprocket disc, insertion unit top, deflection I siehe Zeichn.",4.4306.0194,2,46,,5.4306.0215,,,,,,,,,,
,,"sprocket disc, insertion unit top, drive I",4.4306.0196,2,47,,5.4306.0215,,,,,,,,,,
,,washer Ø40 Ø40x5,4.0002.0014,1,48,,5.4306.0215,,,,,,,,,,
,,servo synchron motor,3.0001.2933,2,100,,5.4306.0215,,,,,,,,,,
,,bevel spur gear,3.0001.4807,2,101,,5.4306.0215,,,,,,,,,,
,,flange bearing,3.0000.0368,1,102,,5.4306.0215,,,,,,,,,,
,,grooved ball bearing,3.0000.0493,4,103,,5.4306.0215,,,,,,,,,,
,,guard ring,3.0000.0289,4,105,,5.4306.0215,,,,,,,,,,
,,guard ring,3.0000.0288,2,106,,5.4306.0215,,,,,,,,,,
,,fitting key,3.0000.4291,2,108,,5.4306.0215,,,,,,,,,,
,,fitting key,3.0000.0283,2,109,,5.4306.0215,,,,,,,,,,
,,fitting key,3.0000.9023,2,110,,5.4306.0215,,,,,,,,,,
,,grate cable tray 80x50,2.0000.1477,"300,00",111,,5.4306.0215,,,,,,,,,,
,intermediate cassette conveyor HK-II,"profile intermediate cassette conveyor 76,5x50x1190",4.4307.2214,2,1,,5.4307.0326,,,,,,,,,,
,,chain guide cable intermediate cassette conveyor 24x50x995,4.4307.2215,2,2,,5.4307.0326,,,,,,,,,,
,,crossbeam for sprocket disk 60x20x162,4.4307.1348,2,3,,5.4307.0326,,,,,,,,,,
,,traverse holder intermediate cassette conveyor 50x20x162,4.4307.2189,2,4,,5.4307.0326,,,,,,,,,,
,,"bearing plate intermediate cassette conveyer 27,5x130x187",4.4307.2182,1,5,,5.4307.0326,,,,,,,,,,
,,plate for deflection 15x144x250,4.4307.2183,1,6,,5.4307.0326,,,,,,,,,,
,,crossbeam for bearing shaft intermediate cassette conveyor 50x15x267,4.4307.2184,2,7,,5.4307.0326,,,,,,,,,,
,,holder intermediate cassette conveyor 77x20x135,4.4307.2190,2,8,,5.4307.0326,,,,,,,,,,
,,"bolt for clamping wheel Ø30x41,5",4.4105.0029,2,9,,5.4307.0326,,,,,,,,,,
,,washer Ø40 Ø40x5,4.0002.0014,2,10,,5.4307.0326,,,,,,,,,,
,,"sprocket disc hub Ø90x16,7",4.4304.0057,2,11,,5.4307.0326,,,,,,,,,,
,,tension bearing (middle wall) 55x55x48,4.4304.0368,1,12,,5.4307.0326,,,,,,,,,,
,,distance Ø18x10,4.4304.0371,1,13,,5.4307.0326,,,,,,,,,,
,,"sprocket disc, insertion unit top, deflection I",4.4306.0194,2,14,,5.4307.0326,,,,,,,,,,
,,"sprocket disc, drive",4.4307.2173,2,15,,5.4307.0326,,,,,,,,,,
,,"sprocket disc, z=40",4.4307.2177,1,16,,5.4307.0326,,,,,,,,,,
,,sprocket disc adjustment z=40,4.4307.2179,1,17,,5.4307.0326,,,,,,,,,,
,,bearing hub intermediate cassette conveyor Ø147x35,4.4307.2180,1,18,,5.4307.0326,,,,,,,,,,
,,sprocket hub intermediate cassette conveyor Ø142x25,4.4307.2181,1,19,,5.4307.0326,,,,,,,,,,
,,bearing plate drive sprocket 100x30x162,4.4307.2185,1,20,,5.4307.0326,,,,,,,,,,
,,hexagon shaft hub Ø80x60,4.4307.2186,1,21,,5.4307.0326,,,,,,,,,,
,,distance piece intermediate conveyor 50x20x57,4.4307.2218,4,22,,5.4307.0326,,,,,,,,,,
,,nut cover ledge 30x5x1065,4.4307.2392,1,23,,5.4307.0326,,,,,,,,,,
,,grooved ball bearing,3.0000.0492,2,100,,5.4307.0326,,,,,,,,,,
,,grooved ball bearing,3.0000.0494,2,101,,5.4307.0326,,,,,,,,,,
,,grooved ball bearing,3.0000.0495,1,102,,5.4307.0326,,,,,,,,,,
,,tensioning sprocket,3.0000.1643,2,103,,5.4307.0326,,,,,,,,,,
,,guard ring,3.0000.0156,2,104,,5.4307.0326,,,,,,,,,,
,,guard ring,3.0000.0159,2,105,,5.4307.0326,,,,,,,,,,
,,guard ring,3.0000.0173,1,106,,5.4307.0326,,,,,,,,,,
,,guard ring,3.0000.4834,1,107,,5.4307.0326,,,,,,,,,,
,,guard ring,3.0000.0169,2,108,,5.4307.0326,,,,,,,,,,
,,guard ring,3.0000.1649,1,109,,5.4307.0326,,,,,,,,,,
,,"roller chain 2x 3022,6mm",3.0001.1094,"6.045,20",110,,5.4307.0326,,,,,,,,,,
,,"connecting link, 1"" duplex",3.0000.0842,2,111,,5.4307.0326,,,,,,,,,,
,,roller chain,3.0000.0738,"2.006,60",112,,5.4307.0326,,,,,,,,,,
,,"connecting link 1/2x5/16""",3.0000.4900,1,113,,5.4307.0326,,,,,,,,,,
,"cassette conveyor central adjustment 10""/L, drive part duplex","profile, up, outer side 76,5x50x1400",4.4307.2497,1,1,,5.4307.0401,,,,,,,,,,
,,"profile, bottom, outer side 76,5x50x1400",4.4307.2498,1,2,,5.4307.0401,,,,,,,,,,
,,"profile, up, inner side 76,5x50x1400",4.4307.2499,1,3,,5.4307.0401,,,,,,,,,,
,,"profile, bottom, inner side 76,5x50x1400",4.4307.2500,1,4,,5.4307.0401,,,,,,,,,,
,,drive sprocket cassette conveyor 20x130x187,4.4307.2174,2,5,,5.4307.0401,,,,,,,,,,
,,sprocket hub Ø147x52,4.4307.2172,2,6,,5.4307.0401,,,,,,,,,,
,,"sprocket disc, drive",4.4307.2173,4,7,,5.4307.0401,,,,,,,,,,
,,"sprocket disc, z=40",4.4307.2177,2,8,,5.4307.0401,,,,,,,,,,
,,"flange, sprocket disc Ø142x27",4.4307.2176,2,9,,5.4307.0401,,,,,,,,,,
,,bearing hub Ø75x25,4.4307.2175,2,10,,5.4307.0401,,,,,,,,,,
,,"distance ring Ø75x6,9",4.4307.2178,2,11,,5.4307.0401,,,,,,,,,,
,,bearing plate drive sprocket 100x30x162,4.4307.2185,2,12,,5.4307.0401,,,,,,,,,,
,,hexagon shaft hub Ø80x60,4.4307.2186,2,13,,5.4307.0401,,,,,,,,,,
,,sprocket disc adjustment z=40,4.4307.2179,2,14,,5.4307.0401,,,,,,,,,,
,,"bolt for clamping wheel Ø30x41,5",4.4105.0029,4,15,,5.4307.0401,,,,,,,,,,
,,distance insertion conveyor II 60x40x41,4.4307.0750,1,16,,5.4307.0401,,,,,,,,,,
,,chain guide 24x48x1145,4.4307.2705,1,17,,5.4307.0401,,,,,,,,,,
,,chain guide 24x56x1040,4.4307.2242,1,18,,5.4307.0401,,,,,,,,,,
,,crossbeam for sprocket disk 60x20x162,4.4307.1348,4,19,,5.4307.0401,,,,,,,,,,
,,crossbeam for bearing shaft support 60x20x162,4.4307.1350,4,20,,5.4307.0401,,,,,,,,,,
,,crossbeam for joint 120x20x162,4.4307.1351,2,21,,5.4307.0401,,,,,,,,,,
,,crossbeam for disconnection point 120x20x162,4.4307.2907,2,22,,5.4307.0401,,,,,,,,,,
,,chain guide 24x48x1145,4.4307.2701,1,23,,5.4307.0401,,,,,,,,,,
,,guide angle 25x25x3x1180,4.4307.2484,1,24,,5.4307.0401,,,,,,,,,,
,,guide angle 25x25x3x1181,4.4307.2483,1,25,,5.4307.0401,,,,,,,,,,
,,distance ledge insertion conveyor 40x41x267,4.4307.2216,1,26,,5.4307.0401,,,,,,,,,,
,,distance piece insertion conveyor 40x20x60,4.4307.2217,2,27,,5.4307.0401,,,,,,,,,,
,,cassette guiding curve 27x170x1180,4.4307.2036,1,28,,5.4307.0401,,,,,,,,,,
,,"deflection, drive 179x15x248",4.4307.1334,2,29,,5.4307.0401,,,,,,,,,,
,,distance Ø20x31,4.4307.1331,3,30,,5.4307.0401,,,,,,,,,,
,,crossbeam 20x20x292,4.4307.1336,3,31,,5.4307.0401,,,,,,,,,,
,,crossbeam 40x20x292,4.4307.1341,1,32,,5.4307.0401,,,,,,,,,,
,,crossbeam 20x20x292,4.4307.1342,3,33,,5.4307.0401,,,,,,,,,,
,,crossbeam 40x20x292,4.4307.1337,1,34,,5.4307.0401,,,,,,,,,,
,,washer Ø40 Ø40x5,4.0002.0014,4,35,,5.4307.0401,,,,,,,,,,
,,support chain guide insertion area,4.4307.2303,1,36,,5.4307.0401,,,,,,,,,,
,,chain guide 24x56x1040,4.4307.2243,1,37,,5.4307.0401,,,,,,,,,,
,,chain guide 24x50x320,4.4307.1201,2,38,,5.4307.0401,,,,,,,,,,
,,grooved ball bearing,3.0000.0494,4,100,,5.4307.0401,,,,,,,,,,
,,grooved ball bearing,3.0000.0495,4,101,,5.4307.0401,,,,,,,,,,
,,guard ring,3.0000.4301,4,102,,5.4307.0401,,,,,,,,,,
,,guard ring,3.0000.0172,2,103,,5.4307.0401,,,,,,,,,,
,,guard ring,3.0000.0178,2,104,,5.4307.0401,,,,,,,,,,
,,guard ring,3.0000.4834,2,105,,5.4307.0401,,,,,,,,,,
,,tensioning sprocket,3.0000.1643,4,106,,5.4307.0401,,,,,,,,,,
,,roller chain,3.0000.0738,"4.013,20",107,,5.4307.0401,,,,,,,,,,
,,"connecting link 1/2x5/16""",3.0000.4900,2,108,,5.4307.0401,,,,,,,,,,
,"cassette conveyor central adjustment 10""/L , deflection duplex",profile deflection up 76.5x50x3513,4.4307.3149,2,1,,5.4307.0402,,,,,,,,,,
,,profile deflection bottom 76.5x50x3513,4.4307.3150,2,2,,5.4307.0402,,,,,,,,,,
,,crossbeam for side plate 80x20x162,4.4307.1345,10,3,,5.4307.0402,,,,,,,,,,
,,crossbeam 40x20x292,4.4307.1341,2,4,,5.4307.0402,,,,,,,,,,
,,crossbeam 20x20x292,4.4307.1342,11,5,,5.4307.0402,,,,,,,,,,
,,chain guide 24x48x870,4.4307.2929,1,6,,5.4307.0402,,,,,,,,,,
,,chain guide 24x48x1473,4.4307.3154,1,7,,5.4307.0402,,,,,,,,,,
,,chain guide 24x48x1408,4.4307.2930,1,8,,5.4307.0402,,,,,,,,,,
,,chain guide 24x50x444,4.4307.3148,2,9,,5.4307.0402,,,,,,,,,,
,,"baffle for cassette central adjustment 10"" 35x35x400",4.4307.1093,4,11,,5.4307.0402,,,,,,,,,,
,,chain guide 24x48x1473,4.4307.3153,1,12,,5.4307.0402,,,,,,,,,,
,,chain guide 24x48x1408,4.4307.2925,1,13,,5.4307.0402,,,,,,,,,,
,,chain guide 24x48x2000,4.4307.2264,1,15,,5.4307.0402,,,,,,,,,,
,,chain guide 24x48x2001,4.4307.2263,1,16,,5.4307.0402,,,,,,,,,,
,,chain guide 24x48x870,4.4307.2924,1,17,,5.4307.0402,,,,,,,,,,
,,guide angle 25x25x3x300,4.4307.1339,2,18,,5.4307.0402,,,,,,,,,,
,,guide angle 25x25x3x301,4.4307.1338,2,19,,5.4307.0402,,,,,,,,,,
,,guide angle siehe Zeichn.,4.4307.2910,2,20,,5.4307.0402,,,,,,,,,,
,,"guide angle 25x25x3x2167,5",4.4307.3152,2,21,,5.4307.0402,,,,,,,,,,
,,"guide angle 25x25x3x2167,6",4.4307.3151,2,22,,5.4307.0402,,,,,,,,,,
,,guide angle siehe Zeichn.,4.4307.2911,2,23,,5.4307.0402,,,,,,,,,,
,,"deflection tensioning side siehe
Zeichnung",4.4307.2227,1,24,,5.4307.0402,,,,,,,,,,
,,distance Ø15x19,4.4307.1054,4,25,,5.4307.0402,,,,,,,,,,
,,distance Ø20x31,4.4307.1331,3,26,,5.4307.0402,,,,,,,,,,
,,block 20x20x54,4.4307.2226,4,27,,5.4307.0402,,,,,,,,,,
,,drive shaft deflection Ø28x362,4.4307.2912,1,28,,5.4307.0402,,,,,,,,,,
,,"sprocket disc, insertion unit top, drive I",4.4306.0196,2,29,,5.4307.0402,,,,,,,,,,
,,sprocket disc Ø90x25,4.4307.3051,2,30,,5.4307.0402,,,,,,,,,,
,,sprocket hub Ø120x35,4.4307.2219,2,31,,5.4307.0402,,,,,,,,,,
,,"sprocket disc, insertion unit top, deflection I siehe Zeichn.",4.4306.0194,2,32,,5.4307.0402,,,,,,,,,,
,,"distance sprocket disc Ø40x6,5",4.4307.2350,2,33,,5.4307.0402,,,,,,,,,,
,,tension bearing cassette conveyor 80x80x25,4.4307.2220,2,34,,5.4307.0402,,,,,,,,,,
,,distance ring Ø32x2,4.4307.2221,2,35,,5.4307.0402,,,,,,,,,,
,,pressure piece 120x40x130,4.4307.2771,1,36,,5.4307.0402,,,,,,,,,,
,,adjusting ring deflection Ø50x53,4.4307.2770,1,37,,5.4307.0402,,,,,,,,,,
,,"guide plate for deflection 15x144x478,5",4.4307.2223,2,38,,5.4307.0402,,,,,,,,,,
,,crossbeam 100x20x292,4.4307.3291,1,39,,5.4307.0402,,,,,,,,,,
,,cassette conveyor foot,4.4307.3156,2,40,,5.4307.0402,,,,,,,,,,
,,connection strut 15x15x144,4.4307.2255,2,41,,5.4307.0402,,,,,,,,,,
,,grooved ball bearing 61905-2RS,3.0000.4777,4,100,,5.4307.0402,,,,,,,,,,
,,grooved ball bearing 6008 2RS,3.0000.2182,2,101,,5.4307.0402,,,,,,,,,,
,,ball joint bearing 2205-2RS,3.0000.0475,2,102,,5.4307.0402,,,,,,,,,,
,,guard ring A 25,3.0000.0158,2,103,,5.4307.0402,,,,,,,,,,
,,guard ring I 52,3.0000.4329,2,104,,5.4307.0402,,,,,,,,,,
,,guard ring I 62,3.0000.9340,2,105,,5.4307.0402,,,,,,,,,,
,,guard ring I 42,3.0000.0168,2,106,,5.4307.0402,,,,,,,,,,
,,guard ring A40,3.0000.2187,1,107,,5.4307.0402,,,,,,,,,,
,,fitting key 8x7x36,3.0001.3652,2,108,,5.4307.0402,,,,,,,,,,
,,machine foot type m M 75-16-150,3.0000.0713,4,109,,5.4307.0402,,,,,,,,,,
,"cassette conveyor central adjustment 10""/L, middle part 2","profile, middle part, up 76.5x50x2794",4.4307.3285,2,1,,5.4307.0403,,,,,,,,,,
,,"profile, middle part, bottom 76.5x50x2794",4.4307.3286,2,2,,5.4307.0403,,,,,,,,,,
,,crossbeam 40x20x292,4.4307.1341,2,3,,5.4307.0403,,,,,,,,,,
,,crossbeam 20x20x292,4.4307.1342,14,4,,5.4307.0403,,,,,,,,,,
,,crossbeam for side plate 80x20x162,4.4307.1345,12,5,,5.4307.0403,,,,,,,,,,
,,crossbeam for joint 120x20x162,4.4307.1351,2,6,,5.4307.0403,,,,,,,,,,
,,crossbeam for disconnection point 120x20x162,4.4307.2907,2,7,,5.4307.0403,,,,,,,,,,
,,chain guide 24x48x794,4.4307.3287,2,8,,5.4307.0403,,,,,,,,,,
,,chain guide 24x48x2000,4.4307.2241,4,9,,5.4307.0403,,,,,,,,,,
,,chain guide 24x48x794,4.4307.3288,2,10,,5.4307.0403,,,,,,,,,,
,,guide angle 25x25x3x2794,4.4307.3290,2,11,,5.4307.0403,,,,,,,,,,
,,guide angle 25x25x3x2794,4.4307.3289,2,12,,5.4307.0403,,,,,,,,,,
,,cassette conveyor foot,4.4307.3156,2,13,,5.4307.0403,,,,,,,,,,
,,machine foot type m M 75-16-150,3.0000.0713,4,100,,5.4307.0403,,,,,,,,,,
,"cassette conveyor central adjustment 10""/L, middle part 1","profile, middle part, up 76.5x50x2485",4.4307.2915,2,1,,5.4307.0404,,,,,,,,,,
,,profile deflection bottom 76.5x50x2485,4.4307.2916,2,2,,5.4307.0404,,,,,,,,,,
,,crossbeam 40x20x292,4.4307.1341,2,3,,5.4307.0404,,,,,,,,,,
,,crossbeam 20x20x292,4.4307.1342,10,4,,5.4307.0404,,,,,,,,,,
,,crossbeam for side plate 80x20x162,4.4307.1345,7,5,,5.4307.0404,,,,,,,,,,
,,crossbeam for joint 120x20x162,4.4307.1351,2,7,,5.4307.0404,,,,,,,,,,
,,crossbeam for disconnection point 120x20x162,4.4307.2907,2,8,,5.4307.0404,,,,,,,,,,
,,crossbeam for holder 80x20x162,4.4307.2487,3,9,,5.4307.0404,,,,,,,,,,
,,crossbeam for holder 80x20x162,4.4307.2678,1,10,,5.4307.0404,,,,,,,,,,
,,chain guide 24x48x2000,4.4307.2241,4,11,,5.4307.0404,,,,,,,,,,
,,"chain guide 24x48x685,5",4.4307.2928,1,12,,5.4307.0404,,,,,,,,,,
,,chain guide 24x48x305,4.4307.2919,2,13,,5.4307.0404,,,,,,,,,,
,,"chain guide 24x48x685,5",4.4307.2922,1,14,,5.4307.0404,,,,,,,,,,
,,guide angle 25x25x3x2555,4.4307.2518,2,15,,5.4307.0404,,,,,,,,,,
,,guide angle 25x25x3x2555,4.4307.2519,2,16,,5.4307.0404,,,,,,,,,,
,,cassette conveyor foot,4.4307.3155,1,17,,5.4307.0404,,,,,,,,,,
,,holder cassette conveyor 60x15x71,4.4307.2486,3,18,,5.4307.0404,,,,,,,,,,
,,holder cassette conveyor part 2 50x15x85,4.4307.2680,1,19,,5.4307.0404,,,,,,,,,,
,,holder cassette conveyor 50x15x161,4.4307.2679,1,20,,5.4307.0404,,,,,,,,,,
,,machine foot type m M 75-16-150,3.0000.0713,2,100,,5.4307.0404,,,,,,,,,,
,"cassette 10"" central adjustment / L",cassette base 6x47x339,4.4313.1372,364,1,,5.4313.0355,,,,,,,,,,
,,"angle right, HK right 111x32x3x345",4.4313.1420,91,2,,5.4313.0355,,,,,,,,,,
,,"adjustment angle left, HK left 106,5x9x3x350",4.4313.1421,91,3,,5.4313.0355,,,,,,,,,,
,,"joint piece 48x27,5x69,5",4.4313.0893,91,4,,5.4313.0355,,,,,,,,,,
,,cassette holder 40x15x18,4.4313.0687,728,5,,5.4313.0355,,,,,,,,,,
,,curve roller Ø30x22,4.4313.0005,91,6,,5.4313.0355,,,,,,,,,,
,,"guide shaft Ø12x228,5",4.4313.1330,182,7,,5.4313.0355,,,,,,,,,,
,,"guide, adjusting angle 19,5x15x35",4.4313.0836,91,8,,5.4313.0355,,,,,,,,,,
,,guide holder for adjustment angle 15x15x35,4.4313.0837,91,9,,5.4313.0355,,,,,,,,,,
,,holder for adjusting angle 20x15x35,4.4313.0838,91,10,,5.4313.0355,,,,,,,,,,
,,slide bearing 1212 DU,3.0000.0306,364,100,,5.4313.0355,,,,,,,,,,
,,slide bearing BB 1012 DU,3.0000.0323,91,101,,5.4313.0355,,,,,,,,,,
,,UPS-fitting screw Ø10 M8x16,3.0000.0199,91,102,,5.4313.0355,,,,,,,,,,
,,dowel Ø6x32 hardened,3.0001.0170,182,103,,5.4313.0355,,,,,,,,,,
,"intermediate cassette 10"" HK / L",cassette base intermediate cassette I 49x4x102,4.4313.0733,12,1,,5.4313.0356,,,,,,,,,,
,,cassette base intermediate cassette slanting 6x49x102,4.4313.0851,48,2,,5.4313.0356,,,,,,,,,,
,,"angle intermediate cassette, HK left 89x20x3x113,5",4.4313.1422,12,3,,5.4313.0356,,,,,,,,,,
,,"cassette holder 40x15x18,5",4.4313.0687,120,4,,5.4313.0356,,,,,,,,,,
,"cassette conveyor chain central adjustment 10""",carrier cassette angle,4.4313.0780,182,1,,5.4313.0357,,,,,,,,,,
,,roller chain,3.0001.4900,2,100,,5.4313.0357,,,,,,,,,,
,,chain bolt,3.0001.1095,364,101,,5.4313.0357,,,,,,,,,,
,,"connecting link, 1"" single roller chain",3.0000.0843,4,102,,5.4313.0357,,,,,,,,,,
,,roller chain (duplex),3.0001.4901,2,103,,5.4313.0357,,,,,,,,,,
,,plug link 1603/3 SZ,3.0000.9592,4,104,,5.4313.0357,,,,,,,,,,
,,outer flap,3.0000.1608,182,105,,5.4313.0357,,,,,,,,,,
,,outer flap,3.0001.2277,182,106,,5.4313.0357,,,,,,,,,,
,folding box magazine various parts,upper plate 80x15x X,4.4401.0003,1,1,,5.4401.0013,,,,,,,,,,
,,head plate 40x15x X,4.4401.0014,1,5,,5.4401.0013,,,,,,,,,,
,,bottom plate 40x15x X,4.4401.0005,1,9,,5.4401.0013,,,,,,,,,,
,,shaft Ø15x X,4.4401.0030,1,18,,5.4401.0013,,,,,,,,,,
,"box magazine belt with toothed belt standard parts, large",side plate right 60x15x2025,4.4401.1339,1,1,,5.4401.0200,,,,,,,,,,
,,side wall left 60x15x2025,4.4401.1340,1,2,,5.4401.0200,,,,,,,,,,
,,toothed pulley tensioning side LS 40 T10 22-2,4.4401.1255,4,3,,5.4401.0200,,,,,,,,,,
,,tension piece 20x20x50,4.4401.0095,2,4,,5.4401.0200,,,,,,,,,,
,,housing 70x70x35,4.4401.0009,4,5,,5.4401.0200,,,,,,,,,,
,,spur gear SNB 2020 D=15,4.4401.0107,4,6,,5.4401.0200,,,,,,,,,,
,,knurled knob di=15 Ø40x100,4.4401.0219,2,7,,5.4401.0200,,,,,,,,,,
,,shaft for spur gear Ø15xX,4.4401.0615,1,8,,5.4401.0200,,,,,,,,,,
,,clamping plate right 70x70x15,4.4401.0010,1,9,,5.4401.0200,,,,,,,,,,
,,clamping plate left 70x70x15,4.4401.0404,1,10,,5.4401.0200,,,,,,,,,,
,,"round rail, operation side Ø20x825",4.4401.0251,1,11,,5.4401.0200,,,,,,,,,,
,,bearing holder 60x20x60,4.4302.0161,1,12,,5.4401.0200,,,,,,,,,,
,,toothed pulley drive LS 40 T10 22-2,4.4401.1256,4,13,,5.4401.0200,,,,,,,,,,
,,motor distance Ø26x13,4.4302.0241,1,14,,5.4401.0200,,,,,,,,,,
,,bearing holder motor side 60x20x60,4.4302.0160,1,15,,5.4401.0200,,,,,,,,,,
,,torque support 80x10x180,4.4302.0167,1,16,,5.4401.0200,,,,,,,,,,
,,"round rail, stopper side Ø20x2185",4.4401.0096,1,17,,5.4401.0200,,,,,,,,,,
,,vertical shaft Ø20x150,4.4401.0106,4,18,,5.4401.0200,,,,,,,,,,
,,"clamp, insertion side 40x30x56",4.4401.0103,2,19,,5.4401.0200,,,,,,,,,,
,,bearing pin for support roller M10x35,4.4401.0099,2,20,,5.4401.0200,,,,,,,,,,
,,washer Ø30,4.0002.0013,3,21,,5.4401.0200,,,,,,,,,,
,,"holding angle 2x44,4x1875 (Laserteil)",4.4401.1260,2,23,,5.4401.0200,,,,,,,,,,
,,round toothed rack Ø20xX,4.4401.0335,2,24,,5.4401.0200,,,,,,,,,,
,,shaft for spur gear Ø15xX,4.4401.0615,1,25,,5.4401.0200,,,,,,,,,,
,,protection clamp 40x30x59,4.4401.0727,2,26,,5.4401.0200,,,,,,,,,,
,,cable mounting magazine conveyor Ø10 x 1700,4.4401.1279,1,27,,5.4401.0200,,,,,,,,,,
,,holding angle magazin disc 40x5x134,4.4401.1676,2,28,,5.4401.0200,,,,,,,,,,
,,worm - spur gear motor,3.0000.0780,1,100,,5.4401.0200,,,,,,,,,,
,,elastic metal Ø40x30 design. C,3.0000.0650,1,101,,5.4401.0200,,,,,,,,,,
,,"clamping lever, adjustable",3.0000.0429,2,102,,5.4401.0200,,,,,,,,,,
,,adjusting ring,3.0000.0185,4,103,,5.4401.0200,,,,,,,,,,
,,slide bearing,3.0001.2629,8,104,,5.4401.0200,,,,,,,,,,
,,ball joint bearing,3.0000.0547,2,105,,5.4401.0200,,,,,,,,,,
,,toothed belt,3.0000.0941,4,106,,5.4401.0200,,,,,,,,,,
,,fitting key,3.0000.0281,1,107,,5.4401.0200,,,,,,,,,,
,,slide bearing,3.0001.2720,8,108,,5.4401.0200,,,,,,,,,,
,,slide bearing,3.0001.2719,4,109,,5.4401.0200,,,,,,,,,,
,,guard ring,3.0000.0158,8,110,,5.4401.0200,,,,,,,,,,
,,digital display,3.0000.6474,1,113,,5.4401.0200,,,,,,,,,,
,,digital display,3.0000.4440,1,114,,5.4401.0200,,,,,,,,,,
,,shim ring,3.0000.3985,8,116,,5.4401.0200,,,,,,,,,,
,,distance bolt AM 6x20 SW 10,3.0000.0001,3,117,,5.4401.0200,,,,,,,,,,
,,bow - type handle,3.0000.0317,1,118,,5.4401.0200,,,,,,,,,,
,"box magazine belt 300mm, toothed belt, large, NORD",distance piece 30x10xC,4.4401.0419,4,30,,5.4401.0201,,,,,,,,,,
,,tensioning axle magazine belt 300 Ø25x335,4.4401.1257,1,31,,5.4401.0201,,,,,,,,,,
,,guide plate magazine belt 300 10x1945x300,4.4401.1259,1,32,,5.4401.0201,,,,,,,,,,
,,clamp 40x30xX,4.4401.0102,2,33,,5.4401.0201,,,,,,,,,,
,,hexagonal drive shaft SW24x444,4.4401.1258,1,34,,5.4401.0201,,,,,,,,,,
,,toothed belt support roller Ø20xC,4.4401.0425,1,35,,5.4401.0201,,,,,,,,,,
,,cover magazine conveyor 300,4.4401.1262,1,36,,5.4401.0201,,,,,,,,,,
,,round toothed rack Ø20xX,4.4401.0335,2,37,,5.4401.0201,,,,,,,,,,
,,"base plate 300, box retainer 100x10x330",4.4401.1555,1,38,,5.4401.0201,,,,,,,,,,
,,"guide ledge, box retainer 10x20x100",4.4401.1557,2,39,,5.4401.0201,,,,,,,,,,
,,"support, box retainer",4.4401.1350,1,40,,5.4401.0201,,,,,,,,,,
,folding box magazine standard parts,side plate left 80x15x530,4.4401.0001,1,2,,5.4401.0222,,,,,,,,,,
,,housing 70x70x35,4.4401.0009,2,3,,5.4401.0222,,,,,,,,,,
,,ledge 35x15x94,4.4401.0013,2,4,,5.4401.0222,,,,,,,,,,
,,box guide (top) 20x15x240,4.4401.0007,4,6,,5.4401.0222,,,,,,,,,,
,,holder for round toothed rack 40x15x62,4.4401.0253,2,7,,5.4401.0222,,,,,,,,,,
,,conveyor belt connection plate 80x15x210,4.4401.0002,2,8,,5.4401.0222,,,,,,,,,,
,,bottom plate connection 40x15x114,4.4401.0004,2,10,,5.4401.0222,,,,,,,,,,
,,clamping plate left 70x70x15,4.4401.0404,1,11,,5.4401.0222,,,,,,,,,,
,,adjusting wheel Ø60x40,4.4301.0051,1,12,,5.4401.0222,,,,,,,,,,
,,initiator holder 35x15x151,4.4401.0104,1,14,,5.4401.0222,,,,,,,,,,
,,box guide (bottom) 15x15x151,4.4401.0022,2,15,,5.4401.0222,,,,,,,,,,
,,"box guide bottom, left 15x15x151",4.4401.0109,1,16,,5.4401.0222,,,,,,,,,,
,,conveyor belt connection piece 15x15x160,4.4401.0024,2,17,,5.4401.0222,,,,,,,,,,
,,round toothed rack Ø20x395,4.4401.0011,2,19,,5.4401.0222,,,,,,,,,,
,,spur gear SNB 2020 D=15,4.4401.0107,2,20,,5.4401.0222,,,,,,,,,,
,,side plate right 80x15x530,4.4401.1191,1,21,,5.4401.0222,,,,,,,,,,
,,scale pointer 1x20x55,4.4401.1087,1,22,,5.4401.0222,,,,,,,,,,
,,"box guide bottom, left 15x15x151",4.4401.0105,1,25,,5.4401.0222,,,,,,,,,,
,,slide bearing,3.0001.2720,4,100,,5.4401.0222,,,,,,,,,,
,,slide bearing,3.0001.2719,2,101,,5.4401.0222,,,,,,,,,,
,,"clamping lever, adjustable",3.0000.0429,1,102,,5.4401.0222,,,,,,,,,,
,,adjusting ring,3.0000.0185,1,103,,5.4401.0222,,,,,,,,,,
,pivot arm for operation panel,tubular arch 90°,4.6002.0127,1,1,,5.6002.0044,,,,,,,,,,
,,nut Ø68x20,4.6002.0003,1,2,,5.6002.0044,,,,,,,,,,
,,control panel connection AB PanelView 1000 Plus Ø100x60,4.6002.0021,1,3,,5.6002.0044,,,,,,,,,,
,,plate for operation panel 100x83x35,4.6002.0043,1,4,,5.6002.0044,,,,,,,,,,
,,gallows guide Ø100x100,4.6002.0023,1,5,,5.6002.0044,,,,,,,,,,
,,slip ring Ø80x5,4.6002.0048,2,6,,5.6002.0044,,,,,,,,,,
,,intermediate ring Ø60x10,4.6002.0119,1,7,,5.6002.0044,,,,,,,,,,
,,screwed ring for cable fairlead Ø80x10,4.6002.0129,1,8,,5.6002.0044,,,,,,,,,,
,,cover for cable entry Ø80x15,4.6002.0130,1,9,,5.6002.0044,,,,,,,,,,
,,"cable gland M40x1,5 grey, KU",3.0000.2913,1,100,,5.6002.0044,,,,,,,,,,
,,"bow - type handle, Elesa",3.0000.0318,1,101,,5.6002.0044,,,,,,,,,,
,pneumatic control for HK II-B,distribution piece 30x30x145,4.6101.0001,1,1,,5.6101.0175,,,,,,,,,,
,,thread plate 40x5x100,4.6101.0006,1,2,,5.6101.0175,,,,,,,,,,
,,filter control valve LFR-1/4-KD,3.0001.2632,1,100,,5.6101.0175,,,,,,,,,,
,,socket cable KMEB-2-24-5-LED,3.0001.2209,1,101,,5.6101.0175,,,,,,,,,,
,,pressure sensor SDE5-D10-O-Q6E-P-M8 527467,3.0000.8807,1,102,,5.6101.0175,,,,,,,,,,
,,solenoid valve MFH-3-3/4-S,3.0000.1072,1,103,,5.6101.0175,,,,,,,,,,
,,solenoid MSFG-24/42-50/60,3.0000.1070,1,104,,5.6101.0175,,,,,,,,,,
,,"muffler U-3/4""",3.0000.1099,1,105,,5.6101.0175,,,,,,,,,,
,,"vacuum pump VT 4.25 DS-motor 0,75/0,9KW with control valve",3.0000.0833,1,106,,5.6101.0175,,,,,,,,,,
,,solenoid valve (5/3 way vented),3.0000.9763,1,107,,5.6101.0175,,,,,,,,,,
,,muffler SD 18 sinterbronze,3.0000.1097,8,108,,5.6101.0175,,,,,,,,,,
,,non-return valve,3.0000.1779,1,109,,5.6101.0175,,,,,,,,,,
,,throttle check valve GRL 1/4,3.0000.9134,2,110,,5.6101.0175,,,,,,,,,,
,,swivel rings,3.0000.1115,2,111,,5.6101.0175,,,,,,,,,,
,,solenoid valve (5/2 way impulse valve),3.0000.9762,3,112,,5.6101.0175,,,,,,,,,,
,,distributor ledge VB 914 A,3.0000.1133,1,113,,5.6101.0175,,,,,,,,,,
,,filter control valve LR-1/4,3.0000.1570,1,114,,5.6101.0175,,,,,,,,,,
,,solenoid valve (3/2 way spring return closed),3.0001.0285,1,115,,5.6101.0175,,,,,,,,,,
,control cabinet 2000x850x400,housing 2000x850x393,4.6402.0390,1,1,,5.6402.0063,,,,,,,,,,
,,control cabinet door left 2x882x705 (Laserteil),4.6402.0209,1,2,,5.6402.0063,,,,,,,,,,
,,control cabinet door middle 2x882x686 (Laserteil),4.6402.0210,1,3,,5.6402.0063,,,,,,,,,,
,,control cabinet door right 2x882x686 (Laserteil),4.6402.0430,1,4,,5.6402.0063,,,,,,,,,,
,,control cabinet 2000x380x120,4.6402.0376,1,5,,5.6402.0063,,,,,,,,,,
,,retaining sheet board 2000 3x800x1950,4.6402.0215,1,6,,5.6402.0063,,,,,,,,,,
,,holder bord control cabinet Ø15x15,4.6403.0011,6,7,,5.6402.0063,,,,,,,,,,
,,"cover plate Bl.1,5x84x535",4.6402.0428,1,8,,5.6402.0063,,,,,,,,,,
,,hinge 1056-U10,3.0000.0600,4,100,,5.6402.0063,,,,,,,,,,
,,hinge 1056-U6,3.0000.0602,4,101,,5.6402.0063,,,,,,,,,,
,,ELESA-hinge,3.0001.2709,2,102,,5.6402.0063,,,,,,,,,,
,,lock with dual bit GN 115-VDE-28,3.0000.8773,4,103,,5.6402.0063,,,,,,,,,,
,,lock with dual bit GN 115-VDE-13,3.0001.3309,2,104,,5.6402.0063,,,,,,,,,,
,"frame HK-II-B 10""/L","frame HK-II-B 10""/L",4.7201.1351,1,1,,5.7201.0311,,,,,,,,,,
,,additional frame insertion right,4.7201.1353,1,2,,5.7201.0311,,,,,,,,,,
,,frame insertion,4.7201.1354,1,3,,5.7201.0311,,,,,,,,,,
,,holding angle insertion 1 50x50x5x193,4.7201.1303,1,4,,5.7201.0311,,,,,,,,,,
,,holding angle insertion 2 50x50x5x194,4.7201.1304,1,5,,5.7201.0311,,,,,,,,,,
,,connection insertion 2 50x50x5x60,4.7201.1184,2,6,,5.7201.0311,,,,,,,,,,
,,console rotary box erector,4.7201.1334,1,7,,5.7201.0311,,,,,,,,,,
,,console product leveller,4.7201.1337,1,8,,5.7201.0311,,,,,,,,,,
,,console glue applicator,4.7301.1950,1,9,,5.7201.0311,,,,,,,,,,
,,bridge for tower,4.7201.1355,2,10,,5.7201.0311,,,,,,,,,,
,,holder for indicator light 5x60x100,4.7301.0103,1,11,,5.7201.0311,,,,,,,,,,
,,"holder emergency switch, cartoner exit 3x80x130",4.7301.2148,1,12,,5.7201.0311,,,,,,,,,,
,,guide scissors flap 30x10x170,4.7301.1046,4,13,,5.7201.0311,,,,,,,,,,
,,thread ledge drive 40x15x655,4.7201.1115,2,14,,5.7201.0311,,,,,,,,,,
,,thread ledge carrier shaft 40x15x120,4.7201.1117,2,15,,5.7201.0311,,,,,,,,,,
,,"thread ledge flap folder 40x15x277,5",4.7201.1118,1,16,,5.7201.0311,,,,,,,,,,
,,thread ledge drive bottom 40x15x280,4.7201.1116,1,17,,5.7201.0311,,,,,,,,,,
,,console top guide way,4.7201.1120,1,18,,5.7201.0311,,,,,,,,,,
,,tensioner drive,4.7201.1121,1,19,,5.7201.0311,,,,,,,,,,
,,tensioner drive,4.7201.1122,1,20,,5.7201.0311,,,,,,,,,,
,,tensioner drive flap folder,4.7201.1123,1,21,,5.7201.0311,,,,,,,,,,
,,support middle wall 299mm,4.7201.1113,2,22,,5.7201.0311,,,,,,,,,,
,,compensating plate 50x10x170,4.7201.1105,2,23,,5.7201.0311,,,,,,,,,,
,,holder rotary box erector 40x30x225,4.7201.1119,1,24,,5.7201.0311,,,,,,,,,,
,,"compensating pedestal bearing 15 30x12,7x125",4.4101.0194,1,25,,5.7201.0311,,,,,,,,,,
,,guard cover infeeder up,4.7301.1655,2,27,,5.7201.0311,,,,,,,,,,
,,guard cover infeeder bottom,4.7301.1656,2,28,,5.7201.0311,,,,,,,,,,
,,guard cover,4.7301.1658,1,29,,5.7201.0311,,,,,,,,,,
,,guard cover,4.7301.1660,1,30,,5.7201.0311,,,,,,,,,,
,,guard cover,4.7301.1659,1,31,,5.7201.0311,,,,,,,,,,
,,guard cover insertion,4.7301.1662,1,32,,5.7201.0311,,,,,,,,,,
,,"cover sheet 248x888x30x1,5 (Laserteil)",4.7301.1519,1,33,,5.7201.0311,,,,,,,,,,
,,"cover sheet 248x688x30x1,5 (Laserteil)",4.7301.1185,1,34,,5.7201.0311,,,,,,,,,,
,,"cover sheet adjustment tower rear 475x460x30x1,5",4.7301.2128,1,35,,5.7201.0311,,,,,,,,,,
,,"cover sheet 248x213x30x1,5",4.7301.1666,1,36,,5.7201.0311,,,,,,,,,,
,,"cover sheet 344x1903x30x1,5",4.7301.1667,1,37,,5.7201.0311,,,,,,,,,,
,,"Verkleidungsblech 344x538x30x1,5",4.7301.1668,2,38,,5.7201.0311,,,,,,,,,,
,,"cover sheet 248x688x30x1,5 (Laserteil)",4.7301.0961,1,39,,5.7201.0311,,,,,,,,,,
,,"cover sheet 268x900x30x1,5",4.7301.1669,3,40,,5.7201.0311,,,,,,,,,,
,,"cover sheet 268x1903x30x1,5",4.7301.1670,1,41,,5.7201.0311,,,,,,,,,,
,,"cover sheet adjustment tower top 368x543x70x1,5",4.7301.2127,1,42,,5.7201.0311,,,,,,,,,,
,,"cover sheet 268x98x30x1,5",4.7301.1654,1,43,,5.7201.0311,,,,,,,,,,
,,"cover sheet 268x900x30x1,5",4.7301.1685,1,44,,5.7201.0311,,,,,,,,,,
,,machine foot type m M 105-20-150,3.0000.0711,11,100,,5.7201.0311,,,,,,,,,,
,,hinge 1056-U14,3.0000.0601,16,101,,5.7201.0311,,,,,,,,,,
,,"bow - type handle, Elesa GN 525 L=117",3.0000.0318,6,102,,5.7201.0311,,,,,,,,,,
,,lock with square GN 115-VK-36,3.0001.2027,17,103,,5.7201.0311,,,,,,,,,,
,,grate cable tray 2000x120x50,2.0000.1478,8,104,,5.7201.0311,,,,,,,,,,
,,grate cable tray 2000x80x50mm,2.0000.1477,9,105,,5.7201.0311,,,,,,,,,,
,,grate cable tray 2000x50x30mm,2.0000.1474,3,106,,5.7201.0311,,,,,,,,,,
,"adjustment tower for box magazine, large",bearing block 70x60x80,4.7206.0034,1,1,,5.7206.0061,,,,,,,,,,
,,base plate 300x350x15,4.7206.0045,1,2,,5.7206.0061,,,,,,,,,,
,,centre plate 250x412x15,4.7206.0046,1,,,5.7206.0061,,,,,,,,,,
,,distance plate 55x15x275,4.7206.0047,2,4,,5.7206.0061,,,,,,,,,,
,,centre rib 55x15x215,4.7206.0048,1,5,,5.7206.0061,,,,,,,,,,
,,"head plate, pillar frame 210x280x15",4.7206.0050,1,6,,5.7206.0061,,,,,,,,,,
,,"shaft bearing, horizontal 59x59x250",4.7206.0053,2,7,,5.7206.0061,,,,,,,,,,
,,shaft restriction 40x10x210,4.7206.0054,1,8,,5.7206.0061,,,,,,,,,,
,,spindle bearing 40x15x210,4.7206.0055,1,9,,5.7206.0061,,,,,,,,,,
,,knurled handle Ø60x30,4.7206.0056,1,10,,5.7206.0061,,,,,,,,,,
,,bearing for octagonal stop 30x15x130,4.7206.0057,2,11,,5.7206.0061,,,,,,,,,,
,,"sprocket z=16, 1/2"" Ø70x28",4.7206.0059,2,12,,5.7206.0061,,,,,,,,,,
,,adjustment shaft vertical Ø20x150,4.7206.0062,1,13,,5.7206.0061,,,,,,,,,,
,,stopper ledge 20x20x220,4.7206.0070,1,14,,5.7206.0061,,,,,,,,,,
,,bolt for octagonal stopper Ø30x29,4.7206.0078,2,15,,5.7206.0061,,,,,,,,,,
,,washer Ø40x5,4.7206.0079,2,16,,5.7206.0061,,,,,,,,,,
,,hexagonal stopper SW70x30,4.7206.0092,2,17,,5.7206.0061,,,,,,,,,,
,,side plate 15x310x355,4.7206.0131,2,20,,5.7206.0061,,,,,,,,,,
,,vertical drive spindle Tr30x372,4.7206.0133,1,21,,5.7206.0061,,,,,,,,,,
,,vertical drive spindle Tr30x392,4.7206.0134,1,22,,5.7206.0061,,,,,,,,,,
,,horizontal guide shaft Ø30x800,4.7206.0208,2,23,,5.7206.0061,,,,,,,,,,
,,threaded spindle Tr30x193,4.7206.0209,1,24,,5.7206.0061,,,,,,,,,,
,,vertical guide shaft Ø30x405,4.7206.0221,4,25,,5.7206.0061,,,,,,,,,,
,,cable guide,4.7206.0263,1,26,,5.7206.0061,,,,,,,,,,
,,vertical guide 150x70x215,4.7206.0305,2,27,,5.7206.0061,,,,,,,,,,
,,trapezoidal thread nut WFRM 3846 TR30x6,4.7206.0307,3,29,,5.7206.0061,,,,,,,,,,
,,bevel gear,4.7209.0014,2,30,,5.7206.0061,,,,,,,,,,
,,washer Ø30x5,4.0002.0013,1,31,,5.7206.0061,,,,,,,,,,
,,tensioning axle Ø30x35,4.4104.0024,1,32,,5.7206.0061,,,,,,,,,,
,,distance I Ø30x20,4.4101.0664,2,33,,5.7206.0061,,,,,,,,,,
,,grooved ball bearing 6004-2RS,3.0000.0491,2,100,,5.7206.0061,,,,,,,,,,
,,slide bearing MFM-2026-15,3.0001.2738,5,101,,5.7206.0061,,,,,,,,,,
,,slide bearing GSM-3034-25,3.0001.2739,16,102,,5.7206.0061,,,,,,,,,,
,,guard ring A 20,3.0000.4300,3,103,,5.7206.0061,,,,,,,,,,
,,"roller chain 1/2x5/16"" (p=12,7) SZ",3.0000.0738,"647,70 mm",104,,5.7206.0061,,,,,,,,,,
,,"shim ring 20x28x1,0",3.0000.0280,1,105,,5.7206.0061,,,,,,,,,,
,,"shim ring 20x28x0,1",3.0000.1911,1,106,,5.7206.0061,,,,,,,,,,
,,fitting key 6x6x20,3.0000.0278,2,107,,5.7206.0061,,,,,,,,,,
,,fitting key 6x6x25,3.0000.4428,2,108,,5.7206.0061,,,,,,,,,,
,,"clamping lever, adjustable GN 300-63-M8-20-OR",3.0000.0422,2,109,,5.7206.0061,,,,,,,,,,
,,crank handle DIN468-125-V17 F,3.0000.0420,1,110,,5.7206.0061,,,,,,,,,,
,,"connecting link 1/2x5/16"" single roller chain",3.0000.4900,1,111,,5.7206.0061,,,,,,,,,,
,"adjustment tower for box magazine, large, various parts",adjustment guide II X=300 60x60x X,4.7206.0121,1,18,,5.7206.0062,,,,,,,,,,
,,side wall holder 60x20x97,4.7206.0122,4,19,,5.7206.0062,,,,,,,,,,
,,adjustment guide I X=300 60x60x X,4.7206.0306,1,28,,5.7206.0062,,,,,,,,,,
,pneumatic lock HK-II,guide block pneumatic lock 44x35x60,4.7301.1864,3,1,,5.7301.0147,,,,,,,,,,
,,lock bolt Ø12x42,4.7301.1680,3,2,,5.7301.0147,,,,,,,,,,
,,angle guard control,4.7301.1682,3,3,,5.7301.0147,,,,,,,,,,
,,holder magnet RST 36 20x6x130,4.7301.1675,3,4,,5.7301.0147,,,,,,,,,,
,,holding angle RSS 36 2x80x90,4.7301.1677,3,5,,5.7301.0147,,,,,,,,,,
,,thread ledge 4x10x90,4.7301.1673,3,6,,5.7301.0147,,,,,,,,,,
,,holder pneumatic lock 4x60x64,4.7301.1865,3,7,,5.7301.0147,,,,,,,,,,
,,thread ledge 4x14x58,4.7301.1866,3,8,,5.7301.0147,,,,,,,,,,
,,flange cylinder EFK-16-25-P,3.0001.3980,3,100,,5.7301.0147,,,,,,,,,,
,,slide bearing WSM-1214-25,3.0001.3998,3,101,,5.7301.0147,,,,,,,,,,
,,"washer Ø 8,4 ",3.0000.8788,6,102,,5.7301.0147,,,,,,,,,,
,pneumatic lock,guide block pneumatic lock 44x35x60,4.7301.1864,3,1,,5.7301.0165,,,,,,,,,,
,,lock bolt Ø12x39,4.7301.1680,3,2,,5.7301.0165,,,,,,,,,,
,,angle guard control,4.7301.1682,3,3,,5.7301.0165,,,,,,,,,,
,,holder for guide block 6x30x130,4.7301.2070,3,4,,5.7301.0165,,,,,,,,,,
,,holder magnet RST 36 20x6x130,4.7301.1675,3,5,,5.7301.0165,,,,,,,,,,
,,holder RSS 36 6x45x163,4.7301.1676,3,6,,5.7301.0165,,,,,,,,,,
,,disc Ø21xØ16x8,4.7301.1679,6,7,,5.7301.0165,,,,,,,,,,
,,flange cylinder EFK-16-25-P,3.0001.3980,3,100,,5.7301.0165,,,,,,,,,,
,,slide bearing WSM-1214-25,3.0001.3998,3,101,,5.7301.0165,,,,,,,,,,
,cassette conveyor cover sheet HK left,light barrier holder 30x10x75,4.4307.0416,1,1,,5.7306.0017,,,,,,,,,,
,,mirror distance 3x8x32,4.4307.1199,2,2,,5.7306.0017,,,,,,,,,,
,,mirror protection 2x35x92,4.4307.2425,1,3,,5.7306.0017,,,,,,,,,,
,,cover sheet cassette conveyor 2x724x182,4.7306.0258,1,4,,5.7306.0017,,,,,,,,,,
,,cover sheet cassette conveyor 2x637x1426,4.7306.0257,1,5,,5.7306.0017,,,,,,,,,,
,,cover sheet cassette conveyor 2x637x750,4.7306.0247,2,6,,5.7306.0017,,,,,,,,,,
,,cover sheet cassette conveyor 2x637x750,4.7306.0248,2,7,,5.7306.0017,,,,,,,,,,
,,cover sheet cassette conveyor 2x637x1325,4.7306.0261,1,8,,5.7306.0017,,,,,,,,,,
,,cover sheet cassette conveyor 2x637x1325,4.7306.0259,1,9,,5.7306.0017,,,,,,,,,,
,,cover sheet cassette conveyor 2x637x1087,4.7306.0251,1,10,,5.7306.0017,,,,,,,,,,
,,cover sheet cassette conveyor 2x637x1087,4.7306.0252,1,11,,5.7306.0017,,,,,,,,,,
,,cover sheet cassette conveyor 2x637x757,4.7306.0347,1,12,,5.7306.0017,,,,,,,,,,
,,guard cover clamping unit,4.7306.0256,1,13,,5.7306.0017,,,,,,,,,,
,,cover sheet cassette conveyor 2x637x757,4.7306.0345,1,14,,5.7306.0017,,,,,,,,,,
,,cover sheet cassette conveyor 2x637x1087,4.7306.0263,1,15,,5.7306.0017,,,,,,,,,,
,,cover sheet cassette conveyor 2x637x1087,4.7306.0264,1,16,,5.7306.0017,,,,,,,,,,
,,cover sheet cassette conveyor 2x637x1325,4.7306.0245,1,17,,5.7306.0017,,,,,,,,,,
,,cover sheet cassette conveyor 2x637x1325,4.7306.0250,1,18,,5.7306.0017,,,,,,,,,,
,,cover sheet cassette conveyor 2x637x1426,4.7306.0246,1,19,,5.7306.0017,,,,,,,,,,
,,cover sheet cassette conveyor 2x182x1169,4.7306.0244,1,20,,5.7306.0017,,,,,,,,,,
,,"thread ledge guard cover 5x13,5x40",4.7306.0243,6,21,,5.7306.0017,,,,,,,,,,
,,thread ledge 4x10x90,4.7301.1673,3,22,,5.7306.0017,,,,,,,,,,
,,cover sheet cassette conveyor 2x400x379x117,4.7306.0089,1,23,,5.7306.0017,,,,,,,,,,
,,"cover cassette conveyor 2x707,5x379x117",4.7306.0262,2,24,,5.7306.0017,,,,,,,,,,
,,"window cover cassette conveyor 6x376,5x607,5",4.7306.0255,2,25,,5.7306.0017,,,,,,,,,,
,,"flap 6x367,5x300",4.7306.0080,1,26,,5.7306.0017,,,,,,,,,,
,,plastic disc below flap layer 10x200x610,4.7306.0066,1,27,,5.7306.0017,,,,,,,,,,
,,window pane clamping unit 6x190x420,4.7306.0065,2,28,,5.7306.0017,,,,,,,,,,
,,binder flap layer (Fa. Wolf) 3x130x265,4.7306.0159,4,29,,5.7306.0017,,,,,,,,,,
,,"cover cassette conveyor 2x684x542,6",4.7306.0265,1,30,,5.7306.0017,,,,,,,,,,
,,"cover sheet cassette conveyor 2x637x729,5",4.7306.0346,1,31,,5.7306.0017,,,,,,,,,,
,,"cover sheet cassette conveyor 2x637x729,5",4.7306.0348,1,32,,5.7306.0017,,,,,,,,,,
,,ledge spoon inserter system 50x20x280,4.7306.0240,2,33,,5.7306.0017,,,,,,,,,,
,,collar bolts M6x15,3.0001.3904,34,100,,5.7306.0017,,,,,,,,,,
,,stopper bumper self-adhesive Best.-Nr.: 527760-05,3.0001.4491,4,101,,5.7306.0017,,,,,,,,,,
,,hinge 1056-U6,3.0000.0602,4,102,,5.7306.0017,,,,,,,,,,
,,bow - type handle GN 525 L=86,3.0000.0317,2,103,,5.7306.0017,,,,,,,,,,
,,cap nut M6 A2,3.0000.0099,87,104,,5.7306.0017,,,,,,,,,,
,,T-slot nut M6,3.0000.0045,87,105,,5.7306.0017,,,,,,,,,,
,,grub screw M6x25,3.0001.3034,87,106,,5.7306.0017,,,,,,,,,,
,product accurate in folding box,holder,4.7601.0026,1,1,,5.7601.0008,,,,,,,,,,
,,guide rod for sensor holder Ø12x300,4.7301.0790,1,2,,5.7601.0008,,,,,,,,,,
,,holder product accurate in folding box,4.6101.0011,1,3,,5.7601.0008,,,,,,,,,,
,,clamping block 25x25x50,4.4302.1567,1,4,,5.7601.0008,,,,,,,,,,
,,plug for square tube 30,3.0000.0512,1,100,,5.7601.0008,,,,,,,,,,
,,hexagonal nut M12,3.0000.0102,1,101,,5.7601.0008,,,,,,,,,,
,"HK-II-B-""k""-10""/L","frame HK-II-B 10""/L",5.7201.0311,1,1,,6.1003.0110,,,,,,,,,,
,,pneumatic lock,5.7301.0165,3,2,,6.1003.0110,,,,,,,,,,
,,pneumatic lock HK-II 2000,5.7301.0147,3,3,,6.1003.0110,,,,,,,,,,
,,pivot arm for operation panel 2000,5.6002.0044,1,4,,6.1003.0110,,,,,,,,,,
,,control cabinet 2000x850x400 HK-II-S,5.6402.0063,1,5,,6.1003.0110,,,,,,,,,,
,,servo - drive unit Stöber with Siemens motor,5.4101.0588,1,7,,6.1003.0110,,,,,,,,,,
,,"drive block with thooted belt 10""/L HK-II-B mit",5.4101.0592,1,8,,6.1003.0110,,,,,,,,,,
,,"cardan drive standard, standard & various parts",5.4101.0569,1,9,,6.1003.0110,,,,,,,,,,
,,"box magazine belt with toothed belt standard parts, large 4 toothed belt",5.4401.0200,1,12,,6.1003.0110,,,,,,,,,,
,,"box magazine belt 300mm, toothed belt, large, NORD",5.4401.0201,1,13,,6.1003.0110,,,,,,,,,,
,,folding box magazine standard parts 2000,5.4401.0222,1,14,,6.1003.0110,,,,,,,,,,
,,folding box magazine various parts,5.4401.0013,1,15,,6.1003.0110,,,,,,,,,,
,,"adjustment tower for box magazine, large 2000",5.7206.0061,1,16,,6.1003.0110,,,,,,,,,,
,,"adjustment tower for box magazine, large, various parts",5.7206.0062,1,17,,6.1003.0110,,,,,,,,,,
,,rotary box erector standard with belt LS2-gear,5.2001.0117,1,20,,6.1003.0110,,,,,,,,,,
,,suction arm for rotary box erector,5.1201.0259,1,21,,6.1003.0110,,,,,,,,,,
,,coupling rotary box erector with counter suction (LS2) 2000,5.4103.0013,1,22,,6.1003.0110,,,,,,,,,,
,,HK box erection aid 2000,5.1601.0001,1,23,,6.1003.0110,,,,,,,,,,
,,"carrier conveyor HK-II-B 10""/L",5.4304.0604,1,26,,6.1003.0110,,,,,,,,,,
,,"carrier chain 10"" support 105",5.4304.0570,1,27,,6.1003.0110,,,,,,,,,,
,,adjustment inner chain with sprocket disc 2000,5.4304.0401,1,28,,6.1003.0110,,,,,,,,,,
,,chain tensioner carrier conveyor 2000,5.4201.0006,2,29,,6.1003.0110,,,,,,,,,,
,,mounting for angular gearbox HK - standard parts,5.1301.0021,2,32,,6.1003.0110,,,,,,,,,,
,,"short flap folder, left - standard parts",5.1301.0004,1,33,,6.1003.0110,,,,,,,,,,
,,"short flap folder, right - standard parts",5.1301.0007,1,34,,6.1003.0110,,,,,,,,,,
,,pressure rolls left HK-II 2000,5.1302.0287,1,37,,6.1003.0110,,,,,,,,,,
,,pressure rolls right HK-II 2000,5.1302.0288,1,38,,6.1003.0110,,,,,,,,,,
,,top flap deflector left HK-II-B,5.1302.0337,1,39,,6.1003.0110,,,,,,,,,,
,,top flap deflector right HK-II-B,5.1302.0338,1,40,,6.1003.0110,,,,,,,,,,
,,flap pusher left 2000,5.1302.0260,1,41,,6.1003.0110,,,,,,,,,,
,,flap pusher right 2000,5.1302.0261,1,42,,6.1003.0110,,,,,,,,,,
,,"top flap lifting device flap folder, stand 2000",5.1402.0006,1,43,,6.1003.0110,,,,,,,,,,
,,bottom flap guide central adjustment left,5.1403.0187,1,44,,6.1003.0110,,,,,,,,,,
,,holder inner cover flap standard parts 2000,5.1403.0034,2,45,,6.1003.0110,,,,,,,,,,
,,top flap lifting device insertion conveyor left HK-II-B,5.1402.0044,1,46,,6.1003.0110,,,,,,,,,,
,,"flap guide HK-II-B-10""/L",5.1403.0191,1,47,,6.1003.0110,,,,,,,,,,
,,detection open flap 2000,5.0104.0001,2,48,,6.1003.0110,,,,,,,,,,
,,glue nozzle mounting HK-Nordson,5.1001.0149,1,51,,6.1003.0110,,,,,,,,,,
,,"folding box outlet, left, Nord 2000",5.4301.0061,1,54,,6.1003.0110,,,,,,,,,,
,,"folding box outlet, right, Nord Motor up level machine",5.4301.0062,1,55,,6.1003.0110,,,,,,,,,,
,,folding box ejector 2000,5.3002.0005,1,58,,6.1003.0110,,,,,,,,,,
,,"cassette conveyor central adjustment 10""/L, drive part duplex",5.4307.0401,1,61,,6.1003.0110,,,,,,,,,,
,,"cassette conveyor central adjustment 10""/L, middle part 1",5.4307.0404,1,62,,6.1003.0110,,,,,,,,,,
,,"cassette conveyor central adjustment 10""/L, middle part 2",5.4307.0403,1,63,,6.1003.0110,,,,,,,,,,
,,"cassette conveyor central adjustment 10""/L, deflection duplex",5.4307.0402,1,64,,6.1003.0110,,,,,,,,,,
,,intermediate cassette conveyor HK-II,5.4307.0326,1,65,,6.1003.0110,,,,,,,,,,
,,"cassette 10"" central adjustment / L",5.4313.0355,91,66,,6.1003.0110,,,,,,,,,,
,,"intermediate cassette 10"" HK / L",5.4313.0356,12,66,,6.1003.0110,,,,,,,,,,
,,"cassette conveyor chain central adjustment 10""",5.4313.0357,2,68,,6.1003.0110,,,,,,,,,,
,,"chain tensioner, cassette conveyor, central adjustment 100 mm",5.4201.0025,2,68,,6.1003.0110,,,,,,,,,,
,,chain tensioner intermediate cassette conveyor,5.4201.0024,1,70,,6.1003.0110,,,,,,,,,,
,,cassette conveyor cover sheet HK left 1920,5.7306.0017,1,71,,6.1003.0110,,,,,,,,,,
,,"insertion conveyor HK-II 10""/L",5.4306.0215,1,72,,6.1003.0110,,,,,,,,,,
,,"insertion conveyor chain 10"", 12 pushers",5.4306.0144,2,73,,6.1003.0110,,,,,,,,,,
,,"deflector - product insertion, standard parts 2000",5.3001.0054,1,74,,6.1003.0110,,,,,,,,,,
,,"release flap HK 10""/ L",5.0102.0118,1,75,,6.1003.0110,,,,,,,,,,
,,"product pusher IGUS, standart parts 2000",5.3001.0447,12,76,,6.1003.0110,,,,,,,,,,
,,"product pusher IGUS, various parts 1901",5.3001.0466,12,77,,6.1003.0110,,,,,,,,,,
,,"chain tensioner, insertion conveyor 2000",5.4201.0003,2,78,,6.1003.0110,,,,,,,,,,
,,product accurate in folding box HK-II-B,5.7601.0008,1,79,,6.1003.0110,,,,,,,,,,
,,"product leveller, standard parts 2000 HK II-B",5.2005.0105,1,82,,6.1003.0110,,,,,,,,,,
,,"product leveller, various parts 10""/L 1932",5.2005.0120,1,83,,6.1003.0110,,,,,,,,,,
,,"folding box top guide, standard parts",5.1401.0003,1,86,,6.1003.0110,,,,,,,,,,
,,"box guide, various parts, Hub 200 Festo",5.1401.0266,1,87,,6.1003.0110,,,,,,,,,,
,,intake roller for top guide HK 2000,5.1401.0224,1,88,,6.1003.0110,,,,,,,,,,
,,"top guide tube, insertion area",5.1401.0271,1,89,,6.1003.0110,,,,,,,,,,
,,mounting colour sensor,5.2301.0236,1,90,,6.1003.0110,,,,,,,,,,
,,pneumatic control for HK II-B,5.6101.0175,1,96,,6.1003.0110,,,,,,,,,,